player,post_date,likes
Marco Wölfli,2019-11-10 23:18:08,2844
Marco Wölfli,2019-10-20 18:17:12,3964
Marco Wölfli,2019-10-09 14:10:27,2741
Marco Wölfli,2019-09-29 17:26:29,1846
Marco Wölfli,2019-09-21 18:53:06,1316
Marco Wölfli,2019-09-18 17:22:44,1912
Marco Wölfli,2019-09-02 18:20:22,2884
Marco Wölfli,2019-08-13 18:23:42,1763
Marco Wölfli,2019-08-12 18:20:25,922
Marco Wölfli,2019-07-19 14:38:57,1464
Marco Wölfli,2019-07-19 14:38:44,1396
Marco Wölfli,2019-07-12 13:26:52,1791
Marco Wölfli,2019-07-05 12:08:39,1822
Marco Wölfli,2019-06-28 19:23:33,1278
Marco Wölfli,2019-06-22 21:01:32,1575
Marco Wölfli,2019-05-26 22:08:38,2526
Marco Wölfli,2019-05-26 10:54:10,2748
Marco Wölfli,2019-05-03 18:03:45,1351
Marco Wölfli,2019-04-28 09:58:16,2855
Marco Wölfli,2019-04-15 15:02:01,3070
Marco Wölfli,2019-04-14 10:02:37,2695
Marco Wölfli,2019-04-05 15:17:40,1694
Marco Wölfli,2019-04-03 18:20:26,1942
Marco Wölfli,2019-03-28 19:33:36,2789
Marco Wölfli,2019-03-25 10:36:41,1433
Marco Wölfli,2019-03-12 18:23:06,1032
Marco Wölfli,2019-03-01 14:33:32,1388
Marco Wölfli,2019-02-27 20:02:08,2127
Marco Wölfli,2019-02-19 09:39:08,1671
Marco Wölfli,2019-01-30 21:25:42,728
Marco Wölfli,2019-01-21 19:11:06,2242
Marco Wölfli,2019-01-17 18:08:23,1641
Marco Wölfli,2018-12-13 13:01:14,3509
Marco Wölfli,2018-12-09 18:08:40,1407
Marco Wölfli,2018-12-08 23:04:28,2022
Marco Wölfli,2018-12-06 08:01:37,987
Marco Wölfli,2018-11-16 09:45:14,1533
Marco Wölfli,2018-11-13 11:48:10,1156
Marco Wölfli,2018-11-09 15:18:24,1813
Marco Wölfli,2018-11-01 20:03:53,1674
Marco Wölfli,2018-10-28 15:02:31,1545
Marco Wölfli,2018-10-24 09:49:21,2440
Marco Wölfli,2018-10-21 18:39:04,1435
Marco Wölfli,2018-10-21 13:54:37,985
Marco Wölfli,2018-10-08 17:13:09,1347
Marco Wölfli,2018-10-05 20:08:20,1675
Marco Wölfli,2018-09-25 14:02:49,1063
Marco Wölfli,2018-09-08 11:21:10,1865
Marco Wölfli,2018-08-30 19:37:22,1771
Marco Wölfli,2018-08-29 00:54:12,2389
Marco Wölfli,2018-08-27 13:53:41,1578
Marco Wölfli,2018-08-19 19:24:34,2044
Marco Wölfli,2018-08-09 18:48:26,470
Marco Wölfli,2018-08-04 16:00:26,1650
Marco Wölfli,2018-07-30 13:34:15,1649
Marco Wölfli,2018-07-24 14:17:53,1431
Marco Wölfli,2018-07-18 16:54:07,1764
Marco Wölfli,2018-07-02 11:12:40,1343
Marco Wölfli,2018-06-14 10:37:38,2129
Marco Wölfli,2018-05-24 19:41:16,1569
Marco Wölfli,2018-05-21 18:24:37,2465
Marco Wölfli,2018-05-16 16:45:22,997
Marco Wölfli,2018-05-14 22:00:01,1855
Marco Wölfli,2018-05-13 23:39:00,2158
Marco Wölfli,2018-05-02 22:12:25,1695
Marco Wölfli,2018-04-29 18:52:33,3566
Marco Wölfli,2018-04-22 22:46:08,1532
Marco Wölfli,2018-04-21 10:40:15,766
Marco Wölfli,2018-04-15 22:57:29,1551
Marco Wölfli,2018-04-08 22:00:36,927
Marco Wölfli,2018-04-02 23:30:34,1139
Marco Wölfli,2018-03-18 01:10:10,1350
Marco Wölfli,2018-03-12 20:13:29,1159
Marco Wölfli,2018-03-06 13:01:24,1023
Marco Wölfli,2018-02-28 01:49:56,1280
Marco Wölfli,2018-02-13 10:20:26,483
Marco Wölfli,2018-02-06 20:07:35,998
Marco Wölfli,2018-01-13 14:03:57,924
Marco Wölfli,2017-12-24 15:04:29,493
Marco Wölfli,2017-12-13 19:00:56,743
Marco Wölfli,2017-11-29 12:07:39,531
Marco Wölfli,2017-10-18 18:09:14,654
Marco Wölfli,2017-09-17 17:28:34,573
Marco Wölfli,2017-08-14 04:33:59,680
Marco Wölfli,2017-08-06 22:07:37,837
Marco Wölfli,2017-08-03 10:03:14,919
Marco Wölfli,2017-07-20 13:49:51,366
Marco Wölfli,2017-07-05 12:30:08,295
Marco Wölfli,2017-05-29 11:55:41,621
Marco Wölfli,2017-05-29 11:33:23,584
Marco Wölfli,2017-05-20 12:03:37,352
Marco Wölfli,2017-04-28 19:00:53,334
Marco Wölfli,2017-04-07 20:03:07,267
Marco Wölfli,2017-03-23 20:51:28,440
Marco Wölfli,2017-03-16 21:06:29,553
Marco Wölfli,2017-01-11 19:21:10,509
Marco Wölfli,2016-10-19 18:19:35,195
Marco Wölfli,2016-09-28 20:06:55,280
Marco Wölfli,2016-09-09 17:25:53,302
Marco Wölfli,2016-08-15 07:49:48,563
Marco Wölfli,2016-07-15 18:54:07,494
Marco Wölfli,2016-07-05 15:48:05,269
Marco Wölfli,2016-06-23 14:40:22,164
Marco Wölfli,2016-06-07 04:50:59,281
Marco Wölfli,2016-05-18 17:47:49,297
Marco Wölfli,2016-04-27 18:47:27,292
Marco Wölfli,2016-02-05 13:35:28,364
Marco Wölfli,2015-10-24 17:36:57,349
Marco Wölfli,2015-10-08 18:30:57,383
Marco Wölfli,2015-09-16 20:28:34,288
Marco Wölfli,2015-08-10 06:41:32,472
Marco Wölfli,2015-08-03 12:21:26,430
Marco Wölfli,2015-07-22 13:55:23,394
Marco Wölfli,2015-07-12 19:16:44,361
Marco Wölfli,2015-07-04 06:39:48,430
Marco Wölfli,2015-06-29 16:37:56,357
Marco Wölfli,2015-05-27 14:42:38,455
Marco Wölfli,2015-05-22 18:54:51,221
Marco Wölfli,2015-04-10 19:37:47,438
Marco Wölfli,2015-04-07 18:32:46,332
Marco Wölfli,2015-03-18 15:43:09,284
Marco Wölfli,2015-03-14 12:16:27,360
Marco Wölfli,2015-03-11 10:33:59,429
Marco Wölfli,2015-02-21 14:16:26,396
Marco Wölfli,2015-01-30 20:25:30,307
Marco Wölfli,2014-12-27 08:00:00,366
Marco Wölfli,2014-12-24 19:39:39,327
Marco Wölfli,2014-12-01 15:07:07,456
Marco Wölfli,2014-11-03 17:49:24,395
Marco Wölfli,2014-10-20 18:31:27,445
Marco Wölfli,2014-10-07 13:17:47,380
Marco Wölfli,2014-09-11 15:07:01,203
Marco Wölfli,2014-08-29 14:41:42,333
Marco Wölfli,2014-08-24 20:20:32,454
Marco Wölfli,2014-08-20 13:04:16,463
Marco Wölfli,2014-08-17 09:03:33,478
Marco Wölfli,2014-07-29 17:50:41,353
Marco Wölfli,2014-07-23 21:41:17,414
Marco Wölfli,2014-07-15 19:20:14,360
Marco Wölfli,2014-07-12 17:01:42,332
Marco Wölfli,2014-07-08 10:19:00,235
Marco Wölfli,2014-07-06 16:13:39,244
Marco Wölfli,2014-07-01 11:06:06,284
Marco Wölfli,2014-06-29 10:50:46,299
Marco Wölfli,2014-06-27 10:02:25,305
Marco Wölfli,2014-06-26 20:55:17,315
David Von Ballmoos,2019-10-31 11:27:13,2197
David Von Ballmoos,2019-10-28 07:21:06,2362
David Von Ballmoos,2019-10-25 06:58:31,2622
David Von Ballmoos,2019-10-20 09:01:29,2341
David Von Ballmoos,2019-10-04 06:40:06,2553
David Von Ballmoos,2019-09-29 18:53:48,1988
David Von Ballmoos,2019-09-24 12:49:51,1862
David Von Ballmoos,2019-08-25 05:40:07,2088
David Von Ballmoos,2019-08-12 07:27:41,2070
David Von Ballmoos,2019-08-05 07:39:06,1898
David Von Ballmoos,2019-07-14 08:11:43,1983
David Von Ballmoos,2019-07-06 06:44:37,1262
David Von Ballmoos,2019-07-05 11:09:19,1847
David Von Ballmoos,2019-05-31 11:28:58,3576
David Von Ballmoos,2019-05-27 12:59:17,2223
David Von Ballmoos,2019-05-26 08:33:32,1934
David Von Ballmoos,2019-05-17 09:08:03,1781
David Von Ballmoos,2019-05-12 16:27:57,2221
David Von Ballmoos,2019-05-08 05:56:29,1552
David Von Ballmoos,2019-04-29 10:39:05,1983
David Von Ballmoos,2019-04-13 21:36:21,2264
David Von Ballmoos,2019-04-07 18:53:56,2311
David Von Ballmoos,2019-03-31 20:06:41,2447
David Von Ballmoos,2019-03-03 11:07:49,2056
David Von Ballmoos,2019-02-24 19:23:46,2434
David Von Ballmoos,2019-02-18 06:00:56,2125
David Von Ballmoos,2019-02-03 09:18:57,2534
David Von Ballmoos,2019-01-28 08:39:58,2147
David Von Ballmoos,2019-01-12 10:35:43,1949
David Von Ballmoos,2018-12-23 13:36:33,2462
David Von Ballmoos,2018-12-18 13:10:28,2120
David Von Ballmoos,2018-12-09 12:49:30,2060
David Von Ballmoos,2018-12-03 11:16:31,2240
David Von Ballmoos,2018-11-28 11:25:44,2208
David Von Ballmoos,2018-11-25 12:12:04,1908
David Von Ballmoos,2018-11-05 08:05:13,1805
David Von Ballmoos,2018-10-31 10:20:51,2598
David Von Ballmoos,2018-10-12 10:17:01,2222
David Von Ballmoos,2018-10-01 19:33:23,1690
David Von Ballmoos,2018-09-27 07:21:28,1806
David Von Ballmoos,2018-09-24 06:50:26,1859
David Von Ballmoos,2018-09-20 06:15:11,1824
David Von Ballmoos,2018-09-02 08:12:10,1341
David Von Ballmoos,2018-08-30 17:46:42,1430
David Von Ballmoos,2018-08-29 06:33:11,2043
David Von Ballmoos,2018-08-26 09:42:33,1440
David Von Ballmoos,2018-08-23 12:25:07,1553
David Von Ballmoos,2018-08-12 17:01:00,1581
David Von Ballmoos,2018-08-05 19:09:24,1556
David Von Ballmoos,2018-07-29 20:05:45,1238
David Von Ballmoos,2018-07-22 19:20:14,1625
David Von Ballmoos,2018-07-15 09:17:09,1091
David Von Ballmoos,2018-07-04 17:23:56,1147
David Von Ballmoos,2018-07-01 06:51:14,1430
David Von Ballmoos,2018-06-20 15:32:03,1298
David Von Ballmoos,2018-06-12 09:35:52,1523
David Von Ballmoos,2018-06-09 15:28:39,1033
David Von Ballmoos,2018-06-08 10:16:32,1078
David Von Ballmoos,2018-06-01 16:19:05,1461
David Von Ballmoos,2018-05-21 10:43:21,1603
David Von Ballmoos,2018-05-14 08:40:10,1364
David Von Ballmoos,2018-05-01 16:47:17,1636
David Von Ballmoos,2018-04-29 09:26:23,1901
David Von Ballmoos,2018-03-23 15:56:18,1271
David Von Ballmoos,2018-03-05 08:41:37,1056
David Von Ballmoos,2018-02-28 07:44:19,1282
David Von Ballmoos,2018-02-12 21:14:31,849
David Von Ballmoos,2018-01-30 13:05:51,837
David Von Ballmoos,2018-01-15 19:22:24,1611
David Von Ballmoos,2017-12-31 17:13:45,1004
David Von Ballmoos,2017-12-30 00:17:38,925
David Von Ballmoos,2017-12-28 00:54:57,941
David Von Ballmoos,2017-12-18 08:10:03,970
David Von Ballmoos,2017-12-05 15:57:45,980
David Von Ballmoos,2017-12-01 05:58:35,1397
David Von Ballmoos,2017-11-13 13:30:26,801
David Von Ballmoos,2017-11-05 19:50:03,1344
David Von Ballmoos,2017-10-29 20:36:04,981
David Von Ballmoos,2017-10-19 06:27:51,904
David Von Ballmoos,2017-10-01 20:36:20,871
David Von Ballmoos,2017-09-17 17:47:58,643
David Von Ballmoos,2017-08-24 08:36:49,796
David Von Ballmoos,2017-08-02 22:45:01,874
David Von Ballmoos,2017-07-29 22:57:39,792
David Von Ballmoos,2017-07-22 21:39:03,834
David Von Ballmoos,2017-07-15 19:22:38,568
David Von Ballmoos,2017-07-13 06:20:38,566
David Von Ballmoos,2017-07-01 16:47:08,495
David Von Ballmoos,2017-05-29 15:01:38,390
David Von Ballmoos,2016-08-22 09:36:55,315
David Von Ballmoos,2016-07-22 08:05:47,350
David Von Ballmoos,2016-06-23 20:46:10,258
David Von Ballmoos,2015-12-27 15:42:22,248
David Von Ballmoos,2015-12-11 13:02:04,255
David Von Ballmoos,2015-11-28 19:38:16,407
Dario Marzino,2019-08-07 18:26:19,542
Dario Marzino,2019-07-10 17:38:05,533
Dario Marzino,2019-06-09 21:51:34,331
Dario Marzino,2019-06-06 17:42:48,453
Dario Marzino,2019-05-26 10:31:17,544
Dario Marzino,2019-04-14 18:08:49,456
Dario Marzino,2019-03-24 19:08:42,407
Dario Marzino,2019-03-16 18:41:34,324
Dario Marzino,2018-12-24 16:55:26,322
Dario Marzino,2018-12-22 19:23:34,397
Dario Marzino,2018-10-25 16:47:09,526
Dario Marzino,2018-06-13 17:08:37,546
Dario Marzino,2018-05-22 08:29:04,455
Dario Marzino,2018-05-13 20:54:23,582
Dario Marzino,2018-04-29 09:39:33,473
Dario Marzino,2018-03-25 12:25:21,393
Dario Marzino,2017-11-07 18:54:02,415
Dario Marzino,2017-09-17 17:54:30,279
Dario Marzino,2017-09-11 17:09:19,412
Dario Marzino,2017-08-04 09:31:58,442
Dario Marzino,2017-04-14 15:53:25,335
Dario Marzino,2017-02-12 18:46:28,279
Dario Marzino,2017-01-25 18:53:38,282
Dario Marzino,2017-01-16 08:08:23,278
Dario Marzino,2016-12-28 21:42:25,244
Dario Marzino,2016-12-24 16:50:34,226
Dario Marzino,2016-11-17 17:52:39,296
Dario Marzino,2016-11-14 19:27:47,254
Dario Marzino,2016-08-17 09:44:17,269
Dario Marzino,2016-07-12 17:31:57,265
Dario Marzino,2016-06-14 09:18:46,215
Dario Marzino,2016-06-07 13:35:06,170
Dario Marzino,2016-05-29 20:23:23,178
Dario Marzino,2016-05-23 17:38:19,193
Dario Marzino,2015-12-26 17:11:03,176
Dario Marzino,2015-11-20 10:58:22,195
Dario Marzino,2015-10-08 10:34:31,218
Dario Marzino,2015-08-09 19:15:42,200
Dario Marzino,2015-07-11 20:47:52,216
Dario Marzino,2015-06-23 16:59:59,162
Dario Marzino,2015-04-23 16:27:27,145
Dario Marzino,2014-12-07 14:24:29,154
Frederik Sörensen,2019-09-29 05:55:38,1701
Frederik Sörensen,2019-08-20 17:35:09,3937
Frederik Sörensen,2019-06-15 15:05:00,2814
Frederik Sörensen,2019-06-09 21:57:09,3470
Frederik Sörensen,2018-03-18 17:38:44,3733
Frederik Sörensen,2018-03-01 16:38:35,3563
Frederik Sörensen,2018-02-25 20:15:56,4735
Frederik Sörensen,2018-02-20 08:44:51,2736
Frederik Sörensen,2018-01-27 18:38:40,2776
Frederik Sörensen,2018-01-24 21:55:54,2936
Frederik Sörensen,2018-01-20 20:46:13,4561
Frederik Sörensen,2018-01-14 18:14:56,4802
Frederik Sörensen,2018-01-01 03:30:30,1452
Frederik Sörensen,2017-12-16 22:42:14,3933
Frederik Sörensen,2017-11-23 23:58:40,3356
Frederik Sörensen,2017-11-02 23:58:45,3672
Frederik Sörensen,2017-10-25 19:48:34,3600
Frederik Sörensen,2017-09-28 23:52:42,2783
Frederik Sörensen,2017-08-13 11:37:57,2317
Frederik Sörensen,2017-08-06 21:40:01,2561
Frederik Sörensen,2017-08-05 20:23:41,2115
Frederik Sörensen,2017-07-09 11:12:41,1935
Frederik Sörensen,2017-07-03 19:50:47,1632
Frederik Sörensen,2017-06-20 06:25:15,1547
Frederik Sörensen,2017-06-19 16:26:25,1848
Frederik Sörensen,2017-06-15 21:29:44,1644
Frederik Sörensen,2017-06-06 22:51:00,3251
Frederik Sörensen,2017-05-21 08:27:01,4850
Frederik Sörensen,2017-05-13 22:15:35,2280
Frederik Sörensen,2017-05-05 22:14:27,3182
Frederik Sörensen,2017-04-30 08:03:18,2337
Frederik Sörensen,2017-04-26 20:41:11,1381
Frederik Sörensen,2017-04-21 21:54:50,1778
Frederik Sörensen,2017-04-16 09:11:23,1504
Frederik Sörensen,2017-03-28 16:59:59,1455
Frederik Sörensen,2017-03-18 17:43:04,3165
Frederik Sörensen,2017-02-27 11:38:32,2554
Frederik Sörensen,2017-02-21 22:55:51,2344
Frederik Sörensen,2017-02-04 18:17:46,2400
Frederik Sörensen,2017-01-28 17:34:37,2318
Frederik Sörensen,2017-01-11 10:40:06,2874
Frederik Sörensen,2016-12-31 18:56:43,1543
Frederik Sörensen,2016-12-24 12:20:54,1716
Frederik Sörensen,2016-12-21 23:18:21,2060
Frederik Sörensen,2016-12-11 22:22:18,1878
Frederik Sörensen,2016-12-10 17:55:18,1872
Frederik Sörensen,2016-11-19 19:42:26,2443
Frederik Sörensen,2016-10-26 22:43:42,2077
Frederik Sörensen,2016-10-24 21:34:50,1763
Frederik Sörensen,2016-10-15 20:06:39,2310
Frederik Sörensen,2016-09-29 09:03:40,855
Frederik Sörensen,2016-09-26 12:18:05,1860
Frederik Sörensen,2016-09-21 21:39:39,2054
Frederik Sörensen,2016-09-17 09:20:37,1717
Frederik Sörensen,2016-09-11 20:24:52,925
Frederik Sörensen,2016-09-11 07:50:50,1397
Frederik Sörensen,2016-07-04 19:45:24,1486
Frederik Sörensen,2016-06-28 12:34:47,870
Frederik Sörensen,2016-06-20 20:35:53,718
Frederik Sörensen,2016-06-17 11:58:03,702
Frederik Sörensen,2016-06-06 21:55:22,837
Frederik Sörensen,2016-05-30 18:56:18,1152
Frederik Sörensen,2016-05-07 17:30:42,1235
Frederik Sörensen,2016-04-24 16:40:16,1521
Frederik Sörensen,2016-04-23 17:13:28,1441
Frederik Sörensen,2016-04-17 19:26:24,1485
Frederik Sörensen,2016-04-04 21:41:03,255
Frederik Sörensen,2016-02-09 17:32:06,1019
Frederik Sörensen,2016-02-02 23:07:26,995
Frederik Sörensen,2015-12-31 11:58:55,1030
Frederik Sörensen,2015-11-07 17:18:50,1458
Frederik Sörensen,2015-10-31 21:31:12,790
Frederik Sörensen,2015-10-26 09:38:47,780
Frederik Sörensen,2015-09-19 17:20:45,1228
Frederik Sörensen,2015-09-09 10:34:03,1186
Frederik Sörensen,2015-08-29 19:09:00,1065
Frederik Sörensen,2015-08-17 20:28:05,1274
Frederik Sörensen,2015-08-03 06:30:36,981
Frederik Sörensen,2015-07-15 19:09:26,901
Frederik Sörensen,2015-06-01 17:02:48,366
Frederik Sörensen,2015-05-23 19:34:57,363
Frederik Sörensen,2014-10-12 12:26:14,525
Frederik Sörensen,2014-09-27 07:28:07,503
Frederik Sörensen,2014-09-10 20:15:23,256
Frederik Sörensen,2014-09-07 14:35:04,429
Frederik Sörensen,2014-09-06 16:20:04,315
Frederik Sörensen,2013-06-25 21:00:07,232
Frederik Sörensen,2013-06-01 18:03:06,235
Frederik Sörensen,2013-05-22 11:09:58,261
Mohamed Ali Camara,2019-10-12 09:57:51,1151
Mohamed Ali Camara,2019-09-26 18:31:05,1392
Mohamed Ali Camara,2019-08-29 18:59:34,1154
Mohamed Ali Camara,2019-08-23 13:19:59,1964
Mohamed Ali Camara,2019-08-04 16:40:22,2335
Mohamed Ali Camara,2019-06-20 13:47:40,1288
Mohamed Ali Camara,2019-05-28 19:17:35,1700
Mohamed Ali Camara,2019-05-25 21:19:26,1549
Mohamed Ali Camara,2019-04-14 17:42:58,1523
Mohamed Ali Camara,2019-04-07 19:11:09,1236
Mohamed Ali Camara,2019-03-27 13:13:01,1544
Mohamed Ali Camara,2019-02-24 04:27:52,1317
Mohamed Ali Camara,2019-02-16 12:59:08,1314
Mohamed Ali Camara,2019-01-23 14:33:44,1137
Mohamed Ali Camara,2019-01-23 14:31:45,1091
Mohamed Ali Camara,2019-01-12 11:25:16,1338
Mohamed Ali Camara,2019-01-12 08:29:30,1294
Mohamed Ali Camara,2018-12-13 09:28:39,1906
Mohamed Ali Camara,2018-12-08 23:14:53,1261
Mohamed Ali Camara,2018-12-03 12:12:20,1429
Mohamed Ali Camara,2018-11-28 11:19:58,1430
Mohamed Ali Camara,2018-11-26 20:35:57,1032
Mohamed Ali Camara,2018-11-06 18:31:36,3433
Mohamed Ali Camara,2018-10-29 19:24:35,951
Mohamed Ali Camara,2018-10-08 22:35:01,1046
Mohamed Ali Camara,2018-09-23 19:34:04,2732
Mohamed Ali Camara,2018-09-20 12:40:59,922
Mohamed Ali Camara,2018-08-20 21:03:55,600
Mohamed Ali Camara,2018-07-18 19:13:00,621
Mohamed Ali Camara,2018-07-08 16:00:16,416
Mohamed Ali Camara,2018-07-06 13:01:54,2177
Mohamed Ali Camara,2018-06-02 19:38:02,431
Mohamed Ali Camara,2018-05-11 18:57:17,356
Mohamed Ali Camara,2018-04-02 20:14:13,1717
Mohamed Ali Camara,2017-03-21 02:03:06,285
Mohamed Ali Camara,2017-03-10 09:30:36,252
Cedric Zesiger,2019-11-11 12:09:03,1336
Cedric Zesiger,2019-11-11 11:59:24,1329
Cedric Zesiger,2019-11-08 00:39:06,1042
Cedric Zesiger,2019-10-31 17:22:44,1130
Cedric Zesiger,2019-10-27 20:52:55,1071
Cedric Zesiger,2019-10-24 21:15:40,922
Cedric Zesiger,2019-10-15 20:55:17,954
Cedric Zesiger,2019-10-03 21:55:10,1133
Cedric Zesiger,2019-09-20 08:29:24,1057
Cedric Zesiger,2019-09-11 18:15:53,875
Cedric Zesiger,2019-08-22 16:54:06,1152
Cedric Zesiger,2019-08-04 19:52:17,1158
Cedric Zesiger,2019-07-16 20:01:10,1188
Cedric Zesiger,2019-07-14 15:44:36,954
Cedric Zesiger,2019-07-11 14:49:44,924
Cedric Zesiger,2019-06-29 11:54:46,1138
Cedric Zesiger,2019-06-21 20:02:10,691
Cedric Zesiger,2019-05-03 11:59:09,612
Cedric Zesiger,2019-04-15 18:06:45,590
Cedric Zesiger,2019-03-04 20:04:57,510
Cedric Zesiger,2019-03-01 15:23:10,498
Cedric Zesiger,2019-01-29 19:06:44,709
Cedric Zesiger,2019-01-22 17:34:49,544
Cedric Zesiger,2019-01-14 20:42:25,589
Cedric Zesiger,2019-01-08 19:57:22,574
Cedric Zesiger,2018-12-25 09:37:34,569
Cedric Zesiger,2018-12-21 14:27:03,551
Cedric Zesiger,2018-11-28 18:58:45,583
Cedric Zesiger,2018-11-20 13:16:34,538
Cedric Zesiger,2018-11-13 14:16:32,683
Cedric Zesiger,2018-10-28 20:29:15,557
Cedric Zesiger,2018-10-01 11:51:33,597
Cedric Zesiger,2018-08-19 16:13:36,601
Cedric Zesiger,2018-07-30 18:55:52,614
Cedric Zesiger,2018-07-19 18:48:55,718
Cedric Zesiger,2018-07-14 12:05:01,613
Cedric Zesiger,2018-06-27 19:04:31,559
Cedric Zesiger,2018-06-03 19:29:04,692
Cedric Zesiger,2018-05-28 19:30:05,582
Cedric Zesiger,2018-05-23 15:54:12,516
Cedric Zesiger,2018-05-12 09:56:53,795
Cedric Zesiger,2018-05-02 18:45:54,807
Cedric Zesiger,2018-03-27 17:10:10,704
Cedric Zesiger,2018-03-19 17:28:43,794
Cedric Zesiger,2018-02-03 20:26:33,791
Cedric Zesiger,2018-01-03 20:22:50,703
Cedric Zesiger,2017-12-24 16:47:37,897
Cedric Zesiger,2017-12-14 18:13:14,737
Cedric Zesiger,2017-11-20 13:26:36,920
Cedric Zesiger,2017-10-26 19:59:28,891
Cedric Zesiger,2017-10-22 09:37:28,981
Cedric Zesiger,2017-10-22 09:35:04,901
Cedric Zesiger,2017-10-18 19:56:01,819
Cedric Zesiger,2017-10-01 19:54:13,741
Cedric Zesiger,2017-09-22 16:19:06,909
Cedric Zesiger,2017-09-18 13:12:18,699
Cedric Zesiger,2017-09-01 10:07:18,648
Cedric Zesiger,2017-08-21 10:32:42,679
Cedric Zesiger,2017-08-17 08:11:08,844
Cedric Zesiger,2017-08-02 21:42:44,552
Cedric Zesiger,2017-07-26 18:52:42,614
Cedric Zesiger,2017-07-19 09:48:50,656
Cedric Zesiger,2017-06-17 13:34:00,503
Cedric Zesiger,2017-06-02 11:43:28,734
Cedric Zesiger,2017-05-26 15:02:10,672
Cedric Zesiger,2017-05-07 18:27:31,707
Cedric Zesiger,2017-04-24 14:43:48,703
Cedric Zesiger,2017-04-22 10:11:23,579
Cedric Zesiger,2017-04-09 13:01:45,588
Cedric Zesiger,2017-03-05 20:50:54,392
Cedric Zesiger,2017-02-17 11:17:52,567
Cedric Zesiger,2017-01-30 21:05:07,615
Cedric Zesiger,2017-01-22 12:23:45,531
Cedric Zesiger,2016-12-31 18:27:18,519
Cedric Zesiger,2016-12-26 15:32:31,497
Cedric Zesiger,2016-11-21 19:58:17,605
Cedric Zesiger,2016-11-15 17:48:59,566
Cedric Zesiger,2016-11-05 19:55:03,560
Cedric Zesiger,2016-10-22 23:15:49,482
Cedric Zesiger,2016-10-18 19:45:43,622
Cedric Zesiger,2016-10-03 19:28:53,567
Cedric Zesiger,2016-09-01 12:17:17,583
Cedric Zesiger,2016-08-24 10:23:58,376
Cedric Zesiger,2016-08-08 19:25:33,317
Cedric Zesiger,2016-08-08 18:55:30,252
Cedric Zesiger,2016-07-27 20:04:47,405
Cedric Zesiger,2016-07-24 09:48:01,314
Cedric Zesiger,2016-07-20 21:11:19,282
Cedric Zesiger,2016-07-11 19:02:40,335
Cedric Zesiger,2016-07-03 18:40:04,263
Cedric Zesiger,2016-06-24 21:14:32,224
Cedric Zesiger,2016-06-05 15:22:58,330
Cedric Zesiger,2016-05-27 13:54:08,284
Cedric Zesiger,2016-05-21 23:40:16,239
Cedric Zesiger,2016-05-20 10:26:04,263
Cedric Zesiger,2016-05-19 09:05:01,312
Cedric Zesiger,2016-05-11 13:25:58,334
Cedric Zesiger,2016-05-10 14:50:20,257
Cedric Zesiger,2016-05-01 17:31:19,266
Cedric Zesiger,2016-04-28 12:16:29,235
Cedric Zesiger,2016-04-26 15:44:21,247
Cedric Zesiger,2016-04-23 12:20:53,228
Cedric Zesiger,2016-03-27 17:23:17,234
Cedric Zesiger,2016-03-24 11:30:44,252
Cedric Zesiger,2016-03-23 21:06:36,250
Cedric Zesiger,2016-03-15 12:15:21,236
Cedric Zesiger,2016-03-01 14:09:51,243
Cedric Zesiger,2016-02-27 19:48:58,262
Cedric Zesiger,2016-02-26 18:52:53,237
Cedric Zesiger,2016-02-16 19:59:49,281
Cedric Zesiger,2016-02-07 20:24:21,260
Cedric Zesiger,2016-02-04 19:12:46,274
Cedric Zesiger,2016-02-03 22:45:48,183
Cedric Zesiger,2016-01-20 20:47:53,246
Cedric Zesiger,2015-12-25 13:41:14,300
Cedric Zesiger,2015-12-24 18:20:35,283
Cedric Zesiger,2015-12-17 18:45:37,277
Cedric Zesiger,2015-12-10 19:29:14,275
Cedric Zesiger,2015-11-23 20:43:38,229
Cedric Zesiger,2015-11-16 21:18:42,290
Cedric Zesiger,2015-11-10 18:33:11,275
Cedric Zesiger,2015-10-22 16:30:08,277
Cedric Zesiger,2015-10-11 13:45:10,273
Cedric Zesiger,2015-10-06 09:41:25,289
Cedric Zesiger,2015-09-23 10:46:07,250
Cedric Zesiger,2015-09-15 18:42:19,254
Cedric Zesiger,2015-08-27 19:36:35,290
Cedric Zesiger,2015-08-13 11:31:45,253
Cedric Zesiger,2015-07-30 14:41:57,250
Cedric Zesiger,2015-07-28 13:50:14,181
Cedric Zesiger,2015-07-24 21:23:11,204
Cedric Zesiger,2015-07-11 12:28:27,225
Cedric Zesiger,2015-06-30 10:25:55,171
Cedric Zesiger,2015-06-21 19:22:26,224
Cedric Zesiger,2015-06-14 20:35:50,191
Cedric Zesiger,2015-05-15 17:04:57,211
Cedric Zesiger,2015-02-11 21:02:26,168
Cedric Zesiger,2014-12-02 19:45:07,164
Cedric Zesiger,2014-11-08 14:16:44,162
Cedric Zesiger,2014-08-29 10:27:52,187
Ulisses Garcia,2019-11-07 23:39:41,1188
Ulisses Garcia,2019-10-27 17:17:22,1561
Ulisses Garcia,2019-10-20 08:26:22,1235
Ulisses Garcia,2019-09-28 19:16:06,1376
Ulisses Garcia,2019-09-19 21:56:39,1287
Ulisses Garcia,2019-09-08 17:08:32,634
Ulisses Garcia,2019-08-04 17:48:33,1296
Ulisses Garcia,2019-07-14 17:56:05,959
Ulisses Garcia,2019-07-11 11:04:57,1269
Ulisses Garcia,2019-06-20 18:36:41,881
Ulisses Garcia,2019-05-29 17:34:34,1446
Ulisses Garcia,2019-05-27 11:32:11,1436
Ulisses Garcia,2019-05-26 09:47:52,1015
Ulisses Garcia,2019-05-12 16:17:38,1283
Ulisses Garcia,2019-04-13 19:33:20,1248
Ulisses Garcia,2019-04-11 09:34:32,1588
Ulisses Garcia,2019-03-10 18:32:27,1013
Ulisses Garcia,2019-03-02 21:05:59,1422
Ulisses Garcia,2019-02-17 18:26:26,1193
Ulisses Garcia,2019-01-11 17:38:48,1064
Ulisses Garcia,2019-01-01 20:00:44,1101
Ulisses Garcia,2018-12-24 18:47:38,673
Ulisses Garcia,2018-12-20 15:39:30,1130
Ulisses Garcia,2018-12-13 09:04:33,2148
Ulisses Garcia,2018-12-02 18:42:18,1501
Ulisses Garcia,2018-11-27 23:12:25,1544
Ulisses Garcia,2018-11-13 17:54:14,1077
Ulisses Garcia,2018-11-01 10:18:58,1037
Ulisses Garcia,2018-09-29 21:03:13,1075
Ulisses Garcia,2018-09-12 08:02:25,983
Ulisses Garcia,2018-09-01 20:55:13,1715
Ulisses Garcia,2018-08-26 15:02:05,1157
Ulisses Garcia,2018-08-19 14:56:37,1204
Ulisses Garcia,2018-08-12 18:17:24,1261
Ulisses Garcia,2018-08-06 13:37:37,1165
Ulisses Garcia,2018-08-01 12:36:40,1114
Ulisses Garcia,2018-06-20 15:29:16,2268
Ulisses Garcia,2018-06-19 14:06:09,2708
Ulisses Garcia,2018-05-20 17:12:55,1158
Ulisses Garcia,2018-05-04 20:48:10,955
Ulisses Garcia,2018-03-28 10:25:58,1837
Ulisses Garcia,2018-01-01 19:42:29,1839
Ulisses Garcia,2017-12-26 20:49:09,736
Ulisses Garcia,2017-10-25 22:17:13,2209
Ulisses Garcia,2017-10-09 18:02:05,1590
Ulisses Garcia,2017-08-06 06:50:48,1662
Ulisses Garcia,2017-06-27 14:27:06,1520
Ulisses Garcia,2017-05-24 17:22:15,1666
Ulisses Garcia,2017-05-20 17:37:38,2581
Ulisses Garcia,2017-05-02 17:59:16,1814
Ulisses Garcia,2017-04-01 17:53:47,2005
Ulisses Garcia,2016-12-24 21:37:51,1460
Ulisses Garcia,2016-12-18 21:44:36,1308
Ulisses Garcia,2016-12-03 21:11:55,1835
Ulisses Garcia,2016-10-15 20:53:04,2454
Ulisses Garcia,2016-09-08 21:01:17,1473
Ulisses Garcia,2016-09-03 10:47:41,1139
Ulisses Garcia,2016-08-23 18:14:55,1111
Ulisses Garcia,2016-07-05 19:02:20,1796
Ulisses Garcia,2016-06-19 02:35:59,783
Ulisses Garcia,2016-06-04 15:34:22,1093
Ulisses Garcia,2016-05-06 19:27:49,1044
Ulisses Garcia,2016-03-22 12:48:54,1130
Ulisses Garcia,2016-02-18 12:45:32,1784
Ulisses Garcia,2016-02-09 22:14:27,1641
Ulisses Garcia,2016-01-19 18:27:37,964
Ulisses Garcia,2016-01-11 18:12:23,1478
Ulisses Garcia,2015-12-25 20:58:03,1241
Ulisses Garcia,2015-12-16 15:35:31,1839
Ulisses Garcia,2015-12-10 18:04:08,1382
Ulisses Garcia,2015-11-14 13:35:58,1020
Ulisses Garcia,2015-10-14 17:11:38,1623
Ulisses Garcia,2015-09-24 17:21:53,1474
Ulisses Garcia,2015-09-20 11:46:46,1515
Ulisses Garcia,2015-08-31 17:52:02,1439
Ulisses Garcia,2015-08-26 18:35:31,1456
Ulisses Garcia,2015-08-22 11:04:13,1861
Ulisses Garcia,2015-07-26 10:34:45,1484
Ulisses Garcia,2015-07-11 22:12:50,1358
Ulisses Garcia,2015-07-05 16:26:20,1178
Ulisses Garcia,2015-07-01 18:37:25,1245
Ulisses Garcia,2015-06-30 19:37:35,542
Ulisses Garcia,2015-06-05 19:32:22,658
Ulisses Garcia,2015-05-26 16:11:09,1204
Ulisses Garcia,2015-05-14 17:52:18,459
Ulisses Garcia,2014-11-11 20:29:51,519
Ulisses Garcia,2014-10-31 18:25:50,476
Ulisses Garcia,2014-09-12 13:05:37,375
Ulisses Garcia,2014-08-21 22:04:05,634
Ulisses Garcia,2014-08-04 15:45:53,387
Ulisses Garcia,2014-08-04 09:10:44,285
Ulisses Garcia,2014-07-24 11:07:29,256
Ulisses Garcia,2014-07-19 19:48:43,281
Ulisses Garcia,2014-07-11 10:05:38,364
Ulisses Garcia,2014-06-14 17:51:44,347
Ulisses Garcia,2014-06-13 16:29:38,325
Ulisses Garcia,2014-06-11 17:54:24,353
Ulisses Garcia,2014-06-11 10:10:36,246
Ulisses Garcia,2014-05-21 19:44:42,383
Ulisses Garcia,2014-05-19 17:49:06,455
Ulisses Garcia,2014-05-17 18:33:56,350
Ulisses Garcia,2014-04-18 18:04:25,327
Ulisses Garcia,2014-04-04 18:19:44,250
Ulisses Garcia,2014-02-28 12:03:44,224
Ulisses Garcia,2014-02-21 18:15:47,258
Ulisses Garcia,2014-01-19 18:41:24,291
Ulisses Garcia,2014-01-15 17:41:49,166
Ulisses Garcia,2014-01-14 18:39:37,388
Ulisses Garcia,2013-12-23 18:37:41,238
Ulisses Garcia,2013-12-21 19:51:59,159
Ulisses Garcia,2013-10-02 18:21:58,446
Ulisses Garcia,2013-08-01 16:01:05,252
Ulisses Garcia,2013-01-14 15:21:02,206
Saidy Janko,2019-10-16 17:04:35,1410
Saidy Janko,2019-09-24 12:45:59,2232
Saidy Janko,2019-09-22 18:46:44,2008
Saidy Janko,2019-07-10 13:25:38,4388
Saidy Janko,2019-06-01 14:50:51,2450
Saidy Janko,2019-05-06 16:36:21,4266
Saidy Janko,2019-04-18 15:27:48,3850
Saidy Janko,2019-03-10 18:39:28,2436
Saidy Janko,2019-01-17 17:45:53,3176
Saidy Janko,2019-01-06 11:12:32,4996
Saidy Janko,2019-01-01 13:34:26,3477
Saidy Janko,2018-12-18 15:35:21,4290
Saidy Janko,2018-11-30 13:27:56,3303
Saidy Janko,2018-11-20 16:56:42,2520
Saidy Janko,2018-10-16 16:05:39,3912
Saidy Janko,2018-10-10 15:46:31,3342
Saidy Janko,2018-09-23 12:35:38,4413
Saidy Janko,2018-09-11 14:39:35,5911
Saidy Janko,2018-08-28 12:14:38,5967
Saidy Janko,2018-07-30 11:19:45,3375
Saidy Janko,2018-07-18 11:50:44,6457
Saidy Janko,2018-07-02 18:26:30,7464
Saidy Janko,2018-06-28 10:03:49,9521
Saidy Janko,2018-06-27 11:53:20,12856
Saidy Janko,2018-06-27 11:50:35,5368
Saidy Janko,2018-06-12 20:02:01,1209
Saidy Janko,2018-05-19 21:18:16,1412
Saidy Janko,2018-05-14 13:06:40,1199
Saidy Janko,2018-04-24 12:06:46,1870
Saidy Janko,2018-04-06 18:21:28,2041
Saidy Janko,2018-03-27 13:20:24,2156
Saidy Janko,2018-02-23 18:20:45,1594
Saidy Janko,2018-01-27 22:47:29,1869
Saidy Janko,2018-01-22 11:56:12,1712
Saidy Janko,2017-10-14 21:12:40,1729
Saidy Janko,2017-10-02 17:32:32,1661
Saidy Janko,2017-09-17 18:07:07,1429
Saidy Janko,2017-09-05 17:19:04,1316
Saidy Janko,2017-08-26 11:17:21,1525
Saidy Janko,2017-08-13 10:27:47,1590
Saidy Janko,2017-08-06 07:15:36,2191
Saidy Janko,2017-07-07 19:47:32,4057
Saidy Janko,2017-06-28 14:23:48,1290
Saidy Janko,2017-05-11 18:50:22,1334
Saidy Janko,2017-04-30 16:29:36,648
Saidy Janko,2017-03-14 16:34:52,844
Saidy Janko,2017-01-23 18:07:04,1757
Saidy Janko,2016-12-27 15:27:50,1491
Saidy Janko,2016-11-30 16:12:56,805
Saidy Janko,2016-08-03 16:01:28,1687
Saidy Janko,2016-07-07 10:54:04,1516
Saidy Janko,2016-05-16 12:24:40,1697
Saidy Janko,2016-04-02 13:50:53,1190
Saidy Janko,2016-01-25 16:17:22,1070
Saidy Janko,2016-01-10 20:21:00,778
Saidy Janko,2015-11-16 17:55:34,902
Saidy Janko,2015-10-01 16:31:58,1440
Saidy Janko,2015-08-11 16:25:46,1341
Saidy Janko,2015-07-19 19:11:30,1637
Saidy Janko,2015-07-06 16:15:22,2341
Saidy Janko,2015-07-02 16:36:14,3464
Saidy Janko,2015-06-24 17:00:23,1034
Saidy Janko,2015-06-19 13:28:40,1464
Saidy Janko,2015-06-11 11:14:05,950
Saidy Janko,2015-05-24 16:35:12,1631
Saidy Janko,2015-05-19 16:11:13,1605
Saidy Janko,2015-05-04 17:09:16,909
Saidy Janko,2015-04-04 17:21:38,1111
Saidy Janko,2015-01-09 17:33:21,1213
Saidy Janko,2014-12-26 15:53:20,691
Saidy Janko,2014-10-25 18:21:55,1184
Saidy Janko,2014-09-04 18:19:07,1069
Saidy Janko,2014-08-15 16:33:25,1028
Saidy Janko,2014-07-26 17:30:32,843
Saidy Janko,2014-06-27 16:14:28,618
Saidy Janko,2014-05-20 11:49:06,1040
Saidy Janko,2014-05-17 12:44:12,848
Fabian Lustenberger,2019-11-10 20:14:41,1757
Fabian Lustenberger,2019-11-08 07:34:47,2068
Fabian Lustenberger,2019-11-04 07:51:00,498
Fabian Lustenberger,2019-10-24 20:46:36,1857
Fabian Lustenberger,2019-10-20 15:12:18,2152
Fabian Lustenberger,2019-10-03 20:21:22,2483
Fabian Lustenberger,2019-09-28 21:05:10,1760
Fabian Lustenberger,2019-08-04 19:55:58,3048
Fabian Lustenberger,2019-07-28 19:54:45,2355
Fabian Lustenberger,2019-07-13 19:56:41,2551
Fabian Lustenberger,2019-06-18 18:48:13,3279
Fabian Lustenberger,2019-05-21 14:27:50,5504
Fabian Lustenberger,2019-05-11 16:49:10,2617
Fabian Lustenberger,2019-05-04 18:14:58,1760
Fabian Lustenberger,2019-04-18 06:18:54,1709
Fabian Lustenberger,2019-03-02 18:31:39,2151
Fabian Lustenberger,2019-02-26 15:54:11,1689
Fabian Lustenberger,2019-02-09 17:52:29,1962
Fabian Lustenberger,2019-01-28 18:44:14,4061
Fabian Lustenberger,2019-01-20 17:26:43,2031
Fabian Lustenberger,2019-01-05 15:53:12,1312
Fabian Lustenberger,2018-12-31 23:23:00,1082
Fabian Lustenberger,2018-12-24 10:53:57,1394
Fabian Lustenberger,2018-12-08 21:50:36,1808
Fabian Lustenberger,2018-12-01 17:44:49,1491
Fabian Lustenberger,2018-11-24 19:42:30,2683
Fabian Lustenberger,2018-11-10 11:55:23,1671
Fabian Lustenberger,2018-10-31 07:11:17,1374
Fabian Lustenberger,2018-09-28 22:14:23,2304
Fabian Lustenberger,2018-09-22 19:20:40,1929
Fabian Lustenberger,2018-09-10 09:58:10,1161
Fabian Lustenberger,2018-09-06 13:10:27,421
Fabian Lustenberger,2018-09-02 19:15:21,3042
Fabian Lustenberger,2018-08-29 12:50:50,1260
Fabian Lustenberger,2018-08-23 10:18:56,1284
Fabian Lustenberger,2018-08-10 11:10:05,2144
Fabian Lustenberger,2018-08-03 10:01:11,1284
Fabian Lustenberger,2018-06-28 20:42:43,1279
Fabian Lustenberger,2018-05-27 19:40:08,2076
Fabian Lustenberger,2018-05-10 06:10:22,1064
Fabian Lustenberger,2018-05-09 11:42:36,1323
Fabian Lustenberger,2018-04-21 18:46:09,1724
Fabian Lustenberger,2018-04-18 05:40:12,1184
Fabian Lustenberger,2018-04-03 18:29:38,1142
Fabian Lustenberger,2018-03-17 18:47:22,1611
Fabian Lustenberger,2018-02-24 20:11:35,1898
Fabian Lustenberger,2018-02-10 17:40:00,1787
Fabian Lustenberger,2018-02-09 09:51:09,1347
Fabian Lustenberger,2018-01-31 20:54:33,1838
Fabian Lustenberger,2018-01-24 16:13:38,1367
Fabian Lustenberger,2018-01-10 19:49:53,1732
Fabian Lustenberger,2017-12-31 19:48:22,1644
Fabian Lustenberger,2017-12-17 20:37:00,2035
Fabian Lustenberger,2017-12-14 06:13:58,1446
Fabian Lustenberger,2017-12-02 12:06:08,1074
Fabian Lustenberger,2017-11-12 08:05:01,445
Fabian Lustenberger,2017-11-10 15:06:02,2230
Fabian Lustenberger,2017-10-29 11:08:11,1363
Fabian Lustenberger,2017-10-02 07:16:33,1529
Fabian Lustenberger,2017-09-17 15:39:03,1200
Fabian Lustenberger,2017-09-15 07:53:51,1058
Fabian Lustenberger,2017-08-19 17:23:56,1878
Fabian Lustenberger,2017-08-14 22:44:36,1487
Fabian Lustenberger,2017-08-10 16:10:07,1745
Fabian Lustenberger,2017-07-17 06:26:28,1155
Fabian Lustenberger,2017-07-16 15:31:47,716
Fabian Lustenberger,2017-07-12 18:58:38,996
Fabian Lustenberger,2017-07-08 17:07:04,918
Fabian Lustenberger,2017-07-07 18:50:28,969
Fabian Lustenberger,2017-07-03 16:20:04,1309
Fabian Lustenberger,2017-06-30 21:19:10,1635
Fabian Lustenberger,2017-06-01 19:17:24,1656
Fabian Lustenberger,2017-05-21 19:45:29,1300
Fabian Lustenberger,2017-05-16 20:34:06,1019
Fabian Lustenberger,2017-05-13 19:13:09,1291
Fabian Lustenberger,2017-05-13 16:58:49,1326
Fabian Lustenberger,2017-04-18 09:45:22,953
Fabian Lustenberger,2017-04-12 14:19:08,1105
Fabian Lustenberger,2017-04-11 21:52:46,1712
Fabian Lustenberger,2017-03-23 18:22:11,1053
Fabian Lustenberger,2017-03-11 17:59:33,1540
Fabian Lustenberger,2017-03-10 06:25:12,1276
Fabian Lustenberger,2017-02-23 10:17:31,1516
Fabian Lustenberger,2017-02-04 18:10:03,1299
Fabian Lustenberger,2017-01-29 20:29:42,661
Fabian Lustenberger,2017-01-11 19:16:41,958
Fabian Lustenberger,2017-01-10 20:44:42,926
Fabian Lustenberger,2017-01-05 20:19:04,1520
Fabian Lustenberger,2016-12-31 19:55:57,908
Fabian Lustenberger,2016-12-22 10:26:38,1574
Fabian Lustenberger,2016-12-03 17:49:35,1433
Fabian Lustenberger,2016-11-27 19:49:41,1321
Fabian Lustenberger,2016-11-04 23:56:54,1543
Fabian Lustenberger,2016-10-28 14:46:31,1139
Fabian Lustenberger,2016-10-25 20:59:56,1424
Fabian Lustenberger,2016-10-22 16:54:13,1511
Fabian Lustenberger,2016-10-06 11:51:27,1301
Fabian Lustenberger,2016-10-01 17:39:11,1242
Fabian Lustenberger,2016-09-18 20:36:58,1416
Fabian Lustenberger,2016-09-12 18:52:07,1170
Fabian Lustenberger,2016-09-10 17:02:16,1415
Fabian Lustenberger,2016-08-28 18:19:25,1414
Fabian Lustenberger,2016-08-21 20:05:56,968
Fabian Lustenberger,2016-08-19 15:40:20,955
Fabian Lustenberger,2016-07-28 22:50:53,878
Fabian Lustenberger,2016-07-24 19:33:19,777
Fabian Lustenberger,2016-07-17 16:39:40,905
Fabian Lustenberger,2016-07-05 19:19:26,836
Fabian Lustenberger,2016-06-29 19:25:02,1018
Fabian Lustenberger,2016-06-28 17:58:38,642
Fabian Lustenberger,2016-06-23 11:49:15,462
Fabian Lustenberger,2016-06-18 06:05:58,805
Fabian Lustenberger,2016-05-31 21:03:58,972
Fabian Lustenberger,2016-05-27 21:20:32,595
Fabian Lustenberger,2016-05-21 11:08:47,750
Fabian Lustenberger,2016-05-03 16:01:53,795
Fabian Lustenberger,2016-05-02 20:26:50,523
Fabian Lustenberger,2016-03-19 17:43:06,1112
Fabian Lustenberger,2016-03-14 16:55:44,805
Fabian Lustenberger,2016-03-11 22:26:24,1110
Fabian Lustenberger,2016-03-09 18:50:01,1018
Fabian Lustenberger,2016-02-26 22:52:04,1165
Fabian Lustenberger,2016-02-11 10:25:15,939
Fabian Lustenberger,2016-02-10 09:04:14,675
Fabian Lustenberger,2016-02-09 09:28:38,787
Fabian Lustenberger,2016-02-06 20:04:24,887
Fabian Lustenberger,2016-02-04 08:48:29,1116
Fabian Lustenberger,2016-01-10 19:11:49,826
Fabian Lustenberger,2016-01-07 12:19:09,916
Fabian Lustenberger,2015-12-31 21:47:45,742
Fabian Lustenberger,2015-12-27 08:58:08,766
Fabian Lustenberger,2015-12-20 20:04:57,1158
Fabian Lustenberger,2015-12-16 20:56:35,1116
Fabian Lustenberger,2015-12-12 19:57:10,1152
Fabian Lustenberger,2015-12-05 19:44:02,881
Fabian Lustenberger,2015-11-22 17:25:57,1188
Fabian Lustenberger,2015-11-10 17:40:37,744
Fabian Lustenberger,2015-11-06 22:24:50,1086
Fabian Lustenberger,2015-10-24 19:31:23,1042
Fabian Lustenberger,2015-10-19 16:38:06,770
Fabian Lustenberger,2015-10-09 21:28:47,821
Fabian Lustenberger,2015-10-03 17:28:03,1027
Fabian Lustenberger,2015-09-27 16:52:18,895
Fabian Lustenberger,2015-09-26 16:20:38,792
Fabian Lustenberger,2015-09-22 21:31:52,873
Fabian Lustenberger,2015-09-12 17:55:46,1126
Fabian Lustenberger,2015-09-07 13:30:39,685
Fabian Lustenberger,2015-08-25 17:44:11,508
Fabian Lustenberger,2015-08-16 20:40:03,624
Fabian Lustenberger,2015-08-15 17:20:18,847
Fabian Lustenberger,2015-08-12 18:19:16,704
Fabian Lustenberger,2015-08-10 19:31:57,864
Fabian Lustenberger,2015-08-06 15:05:01,522
Fabian Lustenberger,2015-07-27 12:55:32,554
Fabian Lustenberger,2015-07-24 10:00:18,487
Fabian Lustenberger,2015-07-22 13:05:46,462
Fabian Lustenberger,2015-07-20 19:43:53,603
Fabian Lustenberger,2015-07-20 10:11:48,406
Fabian Lustenberger,2015-07-17 12:15:29,547
Fabian Lustenberger,2015-07-09 10:51:58,246
Fabian Lustenberger,2015-07-05 20:36:50,482
Fabian Lustenberger,2015-06-30 19:47:35,566
Fabian Lustenberger,2015-06-23 15:30:27,529
Fabian Lustenberger,2015-06-19 20:49:01,357
Fabian Lustenberger,2015-06-18 12:01:57,391
Fabian Lustenberger,2015-06-10 14:22:39,554
Fabian Lustenberger,2015-06-05 12:38:02,437
Fabian Lustenberger,2015-05-30 20:58:30,407
Fabian Lustenberger,2015-04-18 18:39:44,782
Fabian Lustenberger,2015-04-06 17:27:29,642
Fabian Lustenberger,2015-04-05 20:08:04,647
Fabian Lustenberger,2015-03-20 22:04:38,640
Fabian Lustenberger,2015-03-14 19:08:04,696
Fabian Lustenberger,2015-03-11 19:35:30,604
Fabian Lustenberger,2015-02-28 19:07:54,665
Fabian Lustenberger,2015-02-08 13:22:50,571
Fabian Lustenberger,2015-02-07 18:29:33,578
Fabian Lustenberger,2015-01-23 17:14:56,556
Fabian Lustenberger,2015-01-18 19:23:47,593
Fabian Lustenberger,2015-01-10 21:29:54,718
Fabian Lustenberger,2015-01-07 21:04:12,521
Fabian Lustenberger,2015-01-02 08:06:48,313
Fabian Lustenberger,2014-12-31 19:55:54,326
Fabian Lustenberger,2014-12-27 08:52:23,461
Fabian Lustenberger,2014-12-24 17:45:22,347
Fabian Lustenberger,2014-12-03 17:52:10,578
Fabian Lustenberger,2014-10-25 16:26:12,527
Fabian Lustenberger,2014-10-04 07:44:48,669
Fabian Lustenberger,2014-09-18 14:59:41,546
Fabian Lustenberger,2014-08-05 19:41:26,603
Fabian Lustenberger,2014-08-03 20:42:47,505
Fabian Lustenberger,2014-05-18 05:49:31,373
Fabian Lustenberger,2014-04-26 17:02:52,629
Fabian Lustenberger,2014-04-09 10:44:21,503
Fabian Lustenberger,2014-03-18 12:10:47,563
Fabian Lustenberger,2014-03-10 16:47:21,460
Fabian Lustenberger,2014-02-22 20:06:57,435
Fabian Lustenberger,2014-02-14 13:41:58,400
Fabian Lustenberger,2014-02-08 20:21:12,552
Fabian Lustenberger,2014-01-09 11:35:39,262
Fabian Lustenberger,2013-12-31 12:49:53,238
Fabian Lustenberger,2013-12-26 21:56:12,252
Fabian Lustenberger,2013-12-24 21:19:58,298
Fabian Lustenberger,2013-12-21 17:43:40,542
Fabian Lustenberger,2013-12-14 19:54:30,427
Fabian Lustenberger,2013-12-06 20:10:27,285
Fabian Lustenberger,2013-11-16 23:08:14,194
Fabian Lustenberger,2013-11-13 09:32:17,208
Fabian Lustenberger,2013-11-09 18:49:48,350
Fabian Lustenberger,2013-11-09 09:07:45,328
Fabian Lustenberger,2013-10-19 19:27:54,243
Fabian Lustenberger,2013-10-10 11:05:08,199
Fabian Lustenberger,2013-09-15 08:53:07,170
Fabian Lustenberger,2013-09-07 19:46:48,171
Fabian Lustenberger,2013-08-24 21:00:34,365
Fabian Lustenberger,2013-08-10 19:18:36,297
Fabian Lustenberger,2013-08-03 18:44:38,181
Fabian Lustenberger,2013-08-01 19:24:58,135
Fabian Lustenberger,2013-07-28 16:38:09,109
Fabian Lustenberger,2013-07-26 07:07:33,197
Fabian Lustenberger,2013-07-25 07:10:02,158
Fabian Lustenberger,2013-07-23 19:04:29,176
Fabian Lustenberger,2013-07-22 13:12:13,143
Fabian Lustenberger,2013-07-16 18:55:56,151
Fabian Lustenberger,2013-07-12 14:43:07,197
Fabian Lustenberger,2013-07-09 18:53:53,160
Fabian Lustenberger,2013-07-07 13:05:37,151
Fabian Lustenberger,2013-07-06 18:25:23,145
Fabian Lustenberger,2013-07-04 19:14:34,155
Fabian Lustenberger,2013-07-03 13:11:35,117
Fabian Lustenberger,2013-07-02 18:37:44,220
Jordan Lotomba,2019-10-24 21:03:15,1183
Jordan Lotomba,2019-10-11 20:16:22,1272
Jordan Lotomba,2019-09-22 18:20:51,1321
Jordan Lotomba,2019-09-11 19:34:33,990
Jordan Lotomba,2019-08-22 16:45:53,1267
Jordan Lotomba,2019-07-14 09:38:07,1262
Jordan Lotomba,2019-05-28 20:09:00,1192
Jordan Lotomba,2019-05-17 06:34:49,954
Jordan Lotomba,2018-08-06 11:11:13,1454
Jordan Lotomba,2018-05-21 19:17:36,1137
Jordan Lotomba,2018-05-13 19:39:45,1134
Jordan Lotomba,2018-05-09 17:29:57,1113
Jordan Lotomba,2018-04-28 22:03:08,1371
Jordan Lotomba,2018-01-29 22:26:49,1436
Jordan Lotomba,2017-12-01 17:39:34,930
Jordan Lotomba,2017-11-20 11:49:07,1033
Jordan Lotomba,2017-10-20 19:16:08,1055
Jordan Lotomba,2017-10-01 18:10:15,961
Jordan Lotomba,2017-09-10 18:59:18,912
Jordan Lotomba,2017-08-02 23:21:49,1154
Jordan Lotomba,2017-07-15 18:07:13,1034
Jordan Lotomba,2017-06-30 19:14:09,1106
Jordan Lotomba,2017-04-23 16:09:45,610
Jordan Lotomba,2017-04-01 20:10:59,535
Jordan Lotomba,2016-12-31 17:15:25,469
Jordan Lotomba,2016-12-17 19:13:56,472
Jordan Lotomba,2016-07-22 18:57:29,460
Jordan Lotomba,2016-07-17 18:22:47,527
Esteban Petignat,2019-10-29 18:00:42,609
Esteban Petignat,2019-07-14 19:00:52,546
Esteban Petignat,2018-09-23 18:36:40,399
Esteban Petignat,2018-02-18 19:21:06,311
Esteban Petignat,2017-06-07 20:09:05,320
Marvin Spielmann,2019-11-08 08:59:09,1599
Marvin Spielmann,2019-10-19 20:38:19,1460
Marvin Spielmann,2019-09-15 12:36:14,1152
Marvin Spielmann,2019-07-22 12:56:16,1532
Marvin Spielmann,2019-07-11 10:26:26,1458
Marvin Spielmann,2019-06-25 17:01:06,1093
Marvin Spielmann,2019-06-17 16:15:14,1519
Marvin Spielmann,2019-06-16 12:39:20,1823
Marvin Spielmann,2019-06-13 15:54:17,820
Marvin Spielmann,2019-05-27 18:48:35,1111
Marvin Spielmann,2019-05-26 08:17:43,1222
Marvin Spielmann,2019-05-19 18:19:25,1117
Marvin Spielmann,2019-05-12 09:05:07,734
Marvin Spielmann,2019-04-21 11:00:10,851
Marvin Spielmann,2019-03-21 16:42:00,903
Marvin Spielmann,2019-03-08 18:40:14,765
Marvin Spielmann,2019-03-01 11:54:32,702
Marvin Spielmann,2019-02-12 11:18:02,808
Marvin Spielmann,2019-02-07 12:12:06,713
Marvin Spielmann,2019-02-05 17:07:45,723
Marvin Spielmann,2018-12-22 16:48:20,730
Marvin Spielmann,2018-12-09 10:21:09,699
Marvin Spielmann,2018-12-02 13:01:51,667
Marvin Spielmann,2018-11-04 12:00:33,632
Marvin Spielmann,2018-09-23 11:16:52,613
Marvin Spielmann,2018-08-13 15:36:35,567
Marvin Spielmann,2018-08-12 14:11:53,476
Marvin Spielmann,2018-07-30 16:41:43,560
Marvin Spielmann,2018-05-29 15:20:19,665
Marvin Spielmann,2018-05-13 19:05:05,512
Marvin Spielmann,2018-04-19 14:32:40,596
Marvin Spielmann,2018-04-01 09:29:48,572
Marvin Spielmann,2018-03-28 17:59:10,588
Marvin Spielmann,2018-03-05 20:17:21,444
Marvin Spielmann,2018-02-17 17:50:29,566
Marvin Spielmann,2018-02-04 11:33:57,469
Marvin Spielmann,2017-12-03 19:34:08,536
Marvin Spielmann,2017-11-26 12:14:51,462
Marvin Spielmann,2017-10-17 11:32:17,500
Marvin Spielmann,2017-10-09 14:39:34,584
Marvin Spielmann,2017-09-11 10:48:58,560
Marvin Spielmann,2017-09-03 10:11:22,471
Marvin Spielmann,2017-08-27 12:52:44,433
Marvin Spielmann,2017-08-20 09:19:23,539
Marvin Spielmann,2017-08-10 10:17:02,524
Marvin Spielmann,2017-07-17 15:19:29,402
Marvin Spielmann,2017-06-19 10:20:32,303
Marvin Spielmann,2017-06-15 17:50:17,381
Marvin Spielmann,2017-05-18 10:55:42,393
Marvin Spielmann,2017-03-21 16:12:16,354
Marvin Spielmann,2017-03-11 12:36:36,327
Marvin Spielmann,2017-01-05 18:49:48,271
Marvin Spielmann,2016-12-24 19:42:10,218
Marvin Spielmann,2016-10-23 18:53:17,289
Marvin Spielmann,2016-07-26 14:04:27,307
Marvin Spielmann,2016-07-07 11:44:37,230
Marvin Spielmann,2016-06-21 11:58:39,229
Marvin Spielmann,2016-04-01 17:12:32,229
Marvin Spielmann,2016-03-12 14:25:15,233
Marvin Spielmann,2016-02-14 13:15:25,263
Marvin Spielmann,2016-01-01 13:43:25,218
Marvin Spielmann,2015-12-31 21:15:55,192
Marvin Spielmann,2015-11-16 17:04:37,217
Marvin Spielmann,2015-10-08 11:27:19,210
Marvin Spielmann,2015-09-24 14:57:13,274
Marvin Spielmann,2015-09-02 13:24:05,287
Marvin Spielmann,2015-08-09 11:12:16,224
Marvin Spielmann,2015-08-01 11:25:03,187
Marvin Spielmann,2015-07-14 09:54:07,161
Marvin Spielmann,2015-06-21 10:50:28,180
Marvin Spielmann,2015-05-30 17:06:39,165
Marvin Spielmann,2015-01-24 11:37:13,145
Marvin Spielmann,2015-01-10 18:04:32,124
Marvin Spielmann,2015-01-02 16:17:22,130
Marvin Spielmann,2014-12-21 12:38:56,165
Marvin Spielmann,2014-11-14 18:56:02,162
Marvin Spielmann,2014-10-05 17:27:07,189
Marvin Spielmann,2014-09-26 15:49:11,137
Marvin Spielmann,2014-08-20 15:46:11,196
Marvin Spielmann,2014-08-11 16:00:16,181
Marvin Spielmann,2014-06-05 17:35:59,170
Marvin Spielmann,2014-04-20 13:46:22,121
Marvin Spielmann,2014-02-25 14:48:32,178
Marvin Spielmann,2014-02-13 19:59:28,141
Marvin Spielmann,2014-01-14 19:10:55,184
Marvin Spielmann,2014-01-05 17:46:31,163
Marvin Spielmann,2013-12-30 16:39:25,136
Marvin Spielmann,2013-12-24 11:57:30,116
Marvin Spielmann,2013-12-21 12:17:30,138
Marvin Spielmann,2013-12-16 20:01:31,168
Marvin Spielmann,2013-12-14 17:50:02,165
Marvin Spielmann,2013-12-14 16:16:29,147
Vincent Sierro,2019-10-04 17:13:38,2210
Vincent Sierro,2019-09-27 18:19:19,1485
Vincent Sierro,2019-09-23 20:01:18,1519
Vincent Sierro,2019-09-08 09:31:43,1847
Vincent Sierro,2019-08-04 19:33:09,1577
Vincent Sierro,2019-07-17 19:19:47,1873
Vincent Sierro,2019-07-09 18:00:50,1065
Vincent Sierro,2019-06-19 18:32:07,1802
Vincent Sierro,2019-06-19 08:43:17,1660
Vincent Sierro,2019-06-11 20:29:22,914
Vincent Sierro,2019-06-02 17:27:19,1195
Vincent Sierro,2019-05-23 20:04:18,1059
Vincent Sierro,2019-05-06 20:25:45,1161
Vincent Sierro,2019-03-03 20:18:24,1376
Vincent Sierro,2019-03-01 17:29:49,1068
Vincent Sierro,2019-01-31 18:28:41,897
Vincent Sierro,2019-01-03 17:47:48,1049
Vincent Sierro,2018-12-24 20:35:55,1127
Vincent Sierro,2018-12-10 20:43:50,1429
Vincent Sierro,2018-11-18 19:22:05,1075
Vincent Sierro,2018-11-07 17:48:38,1233
Vincent Sierro,2018-10-30 12:29:30,1236
Vincent Sierro,2018-10-15 19:25:55,985
Vincent Sierro,2018-09-24 20:06:57,1232
Vincent Sierro,2018-09-05 16:46:55,1175
Vincent Sierro,2018-07-14 20:08:13,1683
Vincent Sierro,2018-06-10 09:43:12,1334
Vincent Sierro,2018-06-01 18:37:09,992
Vincent Sierro,2018-04-01 18:15:17,1317
Vincent Sierro,2018-03-08 20:01:50,957
Vincent Sierro,2018-02-22 19:13:52,1310
Vincent Sierro,2018-01-06 10:13:47,867
Vincent Sierro,2017-11-22 20:59:06,1155
Vincent Sierro,2017-09-12 17:51:20,1266
Vincent Sierro,2017-09-04 15:33:43,788
Vincent Sierro,2017-07-23 19:14:52,1163
Vincent Sierro,2017-05-28 16:45:03,978
Vincent Sierro,2017-05-25 10:54:29,896
Vincent Sierro,2017-03-20 19:35:12,1280
Vincent Sierro,2017-01-31 21:17:24,1467
Vincent Sierro,2017-01-31 17:02:39,1146
Vincent Sierro,2016-12-30 10:01:02,792
Vincent Sierro,2016-12-23 18:10:21,470
Vincent Sierro,2016-12-11 19:48:36,599
Vincent Sierro,2016-12-06 19:52:01,645
Vincent Sierro,2016-11-22 19:43:35,791
Vincent Sierro,2016-11-06 17:37:36,688
Vincent Sierro,2016-10-30 19:35:24,669
Vincent Sierro,2016-10-25 17:12:16,545
Vincent Sierro,2016-10-09 16:09:04,462
Vincent Sierro,2016-09-10 14:12:16,617
Vincent Sierro,2016-08-30 18:34:08,557
Vincent Sierro,2016-08-28 16:36:07,458
Vincent Sierro,2016-08-01 10:09:04,521
Vincent Sierro,2016-07-07 16:36:07,421
Vincent Sierro,2016-06-26 19:34:08,377
Vincent Sierro,2016-05-30 18:20:54,543
Vincent Sierro,2016-05-09 10:13:20,386
Vincent Sierro,2016-04-17 11:09:27,424
Vincent Sierro,2016-04-10 18:49:37,502
Vincent Sierro,2016-03-24 19:36:44,365
Vincent Sierro,2016-03-18 17:22:22,276
Vincent Sierro,2016-03-06 20:34:08,364
Vincent Sierro,2016-02-19 17:34:11,285
Vincent Sierro,2016-02-02 19:54:55,173
Vincent Sierro,2016-01-26 11:18:46,233
Vincent Sierro,2016-01-04 19:00:40,197
Vincent Sierro,2015-12-28 16:52:55,217
Vincent Sierro,2015-12-18 11:01:51,204
Vincent Sierro,2015-12-11 13:00:42,252
Vincent Sierro,2015-11-24 20:53:31,282
Vincent Sierro,2015-11-02 18:11:04,248
Vincent Sierro,2015-10-24 18:40:49,295
Vincent Sierro,2015-08-14 18:36:51,241
Vincent Sierro,2015-07-09 10:57:37,206
Vincent Sierro,2015-06-13 18:35:51,168
Vincent Sierro,2015-06-07 18:22:14,330
Vincent Sierro,2015-05-05 17:45:35,248
Vincent Sierro,2015-03-26 19:58:25,176
Vincent Sierro,2015-02-28 17:33:12,106
Vincent Sierro,2015-01-01 16:36:15,170
Vincent Sierro,2014-12-07 20:52:31,133
Vincent Sierro,2014-08-08 08:33:51,141
Vincent Sierro,2014-06-11 12:03:54,128
Vincent Sierro,2013-10-04 18:15:29,154
Vincent Sierro,2013-09-14 14:14:10,166
Vincent Sierro,2013-07-14 20:35:15,136
Vincent Sierro,2013-06-17 19:37:25,162
Vincent Sierro,2013-06-16 17:58:08,178
Vincent Sierro,2012-12-12 11:14:40,172
Vincent Sierro,2012-12-04 18:11:09,130
Gianluca Gaudino,2019-10-20 15:52:13,1435
Gianluca Gaudino,2019-09-29 09:11:13,1848
Gianluca Gaudino,2019-07-10 22:47:40,1841
Gianluca Gaudino,2019-05-16 22:32:21,1811
Gianluca Gaudino,2019-04-28 19:00:32,2353
Gianluca Gaudino,2019-04-13 21:36:56,1536
Gianluca Gaudino,2019-01-08 17:43:32,2922
Gianluca Gaudino,2018-08-18 10:24:57,1160
Gianluca Gaudino,2018-02-24 20:10:05,2168
Gianluca Gaudino,2017-11-25 22:15:00,2286
Gianluca Gaudino,2017-07-31 16:10:36,1505
Gianluca Gaudino,2017-07-27 20:34:41,1416
Gianluca Gaudino,2017-07-23 13:57:17,1135
Gianluca Gaudino,2017-06-03 21:41:24,1400
Gianluca Gaudino,2017-05-06 16:57:10,1558
Gianluca Gaudino,2017-04-30 16:57:40,1369
Gianluca Gaudino,2017-03-10 17:03:58,1235
Gianluca Gaudino,2017-02-08 18:36:54,1413
Gianluca Gaudino,2017-01-25 15:44:15,1460
Gianluca Gaudino,2016-08-29 18:33:23,1728
Gianluca Gaudino,2016-08-29 18:27:07,1406
Gianluca Gaudino,2016-05-25 12:36:37,2012
Gianluca Gaudino,2016-05-17 11:15:52,1849
Gianluca Gaudino,2016-05-01 19:35:40,1647
Gianluca Gaudino,2016-04-14 14:02:07,2091
Gianluca Gaudino,2016-03-31 10:12:30,3552
Gianluca Gaudino,2016-03-29 12:16:09,3585
Gianluca Gaudino,2016-03-28 20:38:07,2092
Gianluca Gaudino,2016-03-28 20:28:49,1351
Gianluca Gaudino,2016-03-28 20:20:35,1330
Gianluca Gaudino,2016-03-28 20:15:50,1639
Gianluca Gaudino,2016-03-28 20:13:56,1830
Nicolas Moumi Ngamaleu,2019-11-10 19:52:34,1238
Nicolas Moumi Ngamaleu,2019-10-19 20:53:14,3355
Nicolas Moumi Ngamaleu,2019-09-08 20:28:14,4071
Nicolas Moumi Ngamaleu,2019-08-04 18:08:01,4748
Nicolas Moumi Ngamaleu,2019-07-14 16:12:09,5286
Nicolas Moumi Ngamaleu,2019-07-11 15:54:34,5057
Nicolas Moumi Ngamaleu,2019-07-06 15:53:12,4968
Nicolas Moumi Ngamaleu,2019-06-25 21:04:07,4846
Nicolas Moumi Ngamaleu,2019-05-27 19:49:41,6171
Nicolas Moumi Ngamaleu,2019-05-27 14:59:17,5459
Nicolas Moumi Ngamaleu,2019-05-12 16:30:47,6457
Nicolas Moumi Ngamaleu,2019-04-13 19:34:35,5328
Nicolas Moumi Ngamaleu,2019-04-07 21:27:29,5742
Nicolas Moumi Ngamaleu,2019-04-07 21:08:43,5572
Nicolas Moumi Ngamaleu,2019-04-05 16:29:59,5770
Nicolas Moumi Ngamaleu,2019-03-31 18:25:49,5015
Nicolas Moumi Ngamaleu,2019-02-26 21:46:42,4669
Nicolas Moumi Ngamaleu,2019-02-17 19:43:59,4258
Nicolas Moumi Ngamaleu,2019-02-02 23:57:44,4747
Nicolas Moumi Ngamaleu,2019-02-02 13:08:42,4508
Nicolas Moumi Ngamaleu,2018-12-31 23:03:43,3486
Nicolas Moumi Ngamaleu,2018-12-25 12:16:30,3509
Nicolas Moumi Ngamaleu,2018-12-13 00:42:12,3837
Nicolas Moumi Ngamaleu,2018-12-08 21:56:30,3718
Nicolas Moumi Ngamaleu,2018-11-26 21:13:28,3399
Nicolas Moumi Ngamaleu,2018-11-17 18:50:49,4509
Nicolas Moumi Ngamaleu,2018-11-06 19:42:34,3995
Nicolas Moumi Ngamaleu,2018-11-01 15:01:46,7793
Nicolas Moumi Ngamaleu,2018-10-25 12:36:34,8334
Nicolas Moumi Ngamaleu,2018-10-23 21:33:32,7760
Nicolas Moumi Ngamaleu,2018-10-21 19:02:47,7671
Nicolas Moumi Ngamaleu,2018-10-21 19:01:25,7390
Nicolas Moumi Ngamaleu,2018-09-27 06:03:20,4572
Nicolas Moumi Ngamaleu,2018-09-25 20:04:05,4526
Nicolas Moumi Ngamaleu,2018-09-23 18:11:18,4705
Nicolas Moumi Ngamaleu,2018-09-06 11:46:13,4017
Nicolas Moumi Ngamaleu,2018-09-01 23:51:11,3951
Nicolas Moumi Ngamaleu,2018-08-28 22:12:18,4564
Nicolas Moumi Ngamaleu,2018-08-26 00:43:43,4050
Nicolas Moumi Ngamaleu,2018-08-23 12:38:59,4123
Nicolas Moumi Ngamaleu,2018-08-05 17:29:32,4136
Nicolas Moumi Ngamaleu,2018-08-04 16:12:56,3492
Nicolas Moumi Ngamaleu,2018-07-26 16:16:23,3886
Nicolas Moumi Ngamaleu,2018-07-09 21:37:36,4055
Nicolas Moumi Ngamaleu,2018-06-17 14:51:25,3739
Nicolas Moumi Ngamaleu,2018-06-01 17:42:07,3919
Nicolas Moumi Ngamaleu,2018-05-20 09:51:08,2739
Nicolas Moumi Ngamaleu,2018-05-19 22:41:14,3118
Nicolas Moumi Ngamaleu,2018-05-13 20:06:54,3576
Nicolas Moumi Ngamaleu,2018-04-29 12:29:26,3211
Nicolas Moumi Ngamaleu,2018-04-28 23:21:18,3218
Nicolas Moumi Ngamaleu,2018-03-19 20:50:08,4120
Nicolas Moumi Ngamaleu,2018-03-12 23:52:11,4182
Nicolas Moumi Ngamaleu,2018-03-11 21:20:35,4464
Nicolas Moumi Ngamaleu,2018-03-05 01:12:32,4783
Nicolas Moumi Ngamaleu,2018-02-25 20:09:35,4336
Nicolas Moumi Ngamaleu,2018-02-19 14:59:04,3171
Nicolas Moumi Ngamaleu,2018-02-11 09:32:09,909
Nicolas Moumi Ngamaleu,2018-02-01 22:52:20,1772
Nicolas Moumi Ngamaleu,2018-01-04 11:26:55,3502
Nicolas Moumi Ngamaleu,2018-01-02 20:39:52,1790
Nicolas Moumi Ngamaleu,2018-01-01 00:34:23,1287
Nicolas Moumi Ngamaleu,2017-12-28 12:46:41,1481
Nicolas Moumi Ngamaleu,2017-12-17 18:04:26,1576
Nicolas Moumi Ngamaleu,2017-12-15 10:50:47,1367
Nicolas Moumi Ngamaleu,2017-12-08 16:52:48,1807
Nicolas Moumi Ngamaleu,2017-11-25 20:28:09,1808
Nicolas Moumi Ngamaleu,2017-11-21 17:31:12,1647
Nicolas Moumi Ngamaleu,2017-10-30 16:55:32,1785
Nicolas Moumi Ngamaleu,2017-10-03 13:17:00,1722
Nicolas Moumi Ngamaleu,2017-10-01 09:18:56,1891
Nicolas Moumi Ngamaleu,2017-09-26 22:10:52,1729
Nicolas Moumi Ngamaleu,2017-09-21 17:00:06,1470
Nicolas Moumi Ngamaleu,2017-09-18 11:21:04,1930
Nicolas Moumi Ngamaleu,2017-09-15 19:06:51,1494
Nicolas Moumi Ngamaleu,2017-09-10 19:19:09,1734
Nicolas Moumi Ngamaleu,2017-08-24 06:21:58,1220
Nicolas Moumi Ngamaleu,2017-08-11 09:11:49,1233
Nicolas Moumi Ngamaleu,2017-08-08 21:20:59,1573
Nicolas Moumi Ngamaleu,2017-08-03 23:03:09,513
Nicolas Moumi Ngamaleu,2017-08-01 10:48:07,1112
Nicolas Moumi Ngamaleu,2017-07-28 10:44:12,1163
Nicolas Moumi Ngamaleu,2017-07-28 10:41:39,898
Nicolas Moumi Ngamaleu,2017-07-24 11:32:09,329
Nicolas Moumi Ngamaleu,2017-07-06 00:47:00,623
Nicolas Moumi Ngamaleu,2017-06-28 14:19:50,825
Nicolas Moumi Ngamaleu,2017-06-25 07:58:23,889
Nicolas Moumi Ngamaleu,2017-05-09 11:35:39,1236
Nicolas Moumi Ngamaleu,2017-04-24 11:43:55,944
Nicolas Moumi Ngamaleu,2017-04-21 14:30:08,1236
Nicolas Moumi Ngamaleu,2017-04-15 06:57:09,1450
Nicolas Moumi Ngamaleu,2017-03-30 09:34:45,645
Nicolas Moumi Ngamaleu,2017-03-26 11:48:32,1470
Nicolas Moumi Ngamaleu,2017-03-23 11:18:29,757
Nicolas Moumi Ngamaleu,2017-02-20 09:12:56,596
Nicolas Moumi Ngamaleu,2016-12-12 11:46:56,846
Christian Fassnacht,2019-11-15 22:59:03,832
Christian Fassnacht,2019-11-10 19:03:37,2601
Christian Fassnacht,2019-11-04 07:12:24,718
Christian Fassnacht,2019-11-02 18:04:43,2141
Christian Fassnacht,2019-11-01 18:33:14,2321
Christian Fassnacht,2019-10-31 17:07:15,2395
Christian Fassnacht,2019-10-27 17:41:32,2782
Christian Fassnacht,2019-10-25 15:59:52,2116
Christian Fassnacht,2019-10-18 18:12:11,2448
Christian Fassnacht,2019-10-06 17:27:00,3071
Christian Fassnacht,2019-10-04 17:09:25,3526
Christian Fassnacht,2019-10-03 21:20:10,3453
Christian Fassnacht,2019-09-28 19:34:32,2710
Christian Fassnacht,2019-09-22 17:37:33,1995
Christian Fassnacht,2019-09-20 15:39:41,2051
Christian Fassnacht,2019-09-19 21:50:33,1749
Christian Fassnacht,2019-09-14 19:14:10,2214
Christian Fassnacht,2019-09-13 15:23:21,1332
Christian Fassnacht,2019-09-02 18:41:49,2651
Christian Fassnacht,2019-08-31 18:08:37,2628
Christian Fassnacht,2019-08-26 18:30:44,2219
Christian Fassnacht,2019-08-25 12:44:27,2035
Christian Fassnacht,2019-08-22 16:23:59,2464
Christian Fassnacht,2019-08-19 16:15:48,3534
Christian Fassnacht,2019-07-19 17:31:14,1794
Christian Fassnacht,2019-07-17 18:57:33,1912
Christian Fassnacht,2019-07-16 17:55:00,2336
Christian Fassnacht,2019-05-30 15:12:57,3044
Christian Fassnacht,2019-05-29 15:31:00,3591
Christian Fassnacht,2019-05-28 15:25:53,2735
Christian Fassnacht,2019-05-27 14:58:54,4166
Christian Fassnacht,2019-05-26 19:56:18,3583
Christian Fassnacht,2019-05-25 20:41:31,2716
Christian Fassnacht,2019-05-12 16:26:43,2669
Christian Fassnacht,2019-05-05 18:07:39,2424
Christian Fassnacht,2019-04-28 18:55:39,2931
Christian Fassnacht,2019-04-15 14:32:33,3953
Christian Fassnacht,2019-04-14 17:56:13,3458
Christian Fassnacht,2019-04-07 18:41:02,3003
Christian Fassnacht,2019-03-22 17:51:37,2685
Christian Fassnacht,2019-03-18 17:42:30,2874
Christian Fassnacht,2019-02-17 19:56:17,2942
Christian Fassnacht,2019-01-28 22:16:44,2575
Christian Fassnacht,2018-12-17 08:35:47,2336
Christian Fassnacht,2018-12-13 10:23:47,3353
Christian Fassnacht,2018-12-10 17:07:42,2845
Christian Fassnacht,2018-12-08 20:27:02,2361
Christian Fassnacht,2018-12-03 16:52:52,2665
Christian Fassnacht,2018-12-02 18:46:24,2464
Christian Fassnacht,2018-11-27 23:06:51,2361
Christian Fassnacht,2018-11-26 19:39:55,1907
Christian Fassnacht,2018-11-15 17:18:52,2422
Christian Fassnacht,2018-11-11 19:15:47,2337
Christian Fassnacht,2018-11-08 21:47:57,2113
Christian Fassnacht,2018-11-08 16:38:00,1751
Christian Fassnacht,2018-11-05 16:07:14,2465
Christian Fassnacht,2018-10-24 08:53:34,2583
Christian Fassnacht,2018-10-13 15:21:44,2931
Christian Fassnacht,2018-10-12 10:08:43,2834
Christian Fassnacht,2018-10-08 16:45:06,3495
Christian Fassnacht,2018-10-05 17:33:23,4022
Christian Fassnacht,2018-10-02 20:59:36,2201
Christian Fassnacht,2018-09-29 20:05:46,2456
Christian Fassnacht,2018-09-24 18:41:28,2052
Christian Fassnacht,2018-09-23 17:36:43,2215
Christian Fassnacht,2018-09-20 14:49:25,2112
Christian Fassnacht,2018-09-17 16:58:00,2332
Christian Fassnacht,2018-09-10 18:17:21,1961
Christian Fassnacht,2018-09-06 13:35:36,1087
Christian Fassnacht,2018-09-01 20:59:08,2276
Christian Fassnacht,2018-08-29 17:32:01,2159
Christian Fassnacht,2018-08-28 21:54:24,2505
Christian Fassnacht,2018-08-26 16:54:01,1868
Christian Fassnacht,2018-08-23 16:28:12,1966
Christian Fassnacht,2018-08-10 17:59:53,1526
Christian Fassnacht,2018-08-05 17:23:56,2176
Christian Fassnacht,2018-07-22 19:19:26,1863
Christian Fassnacht,2018-07-06 19:36:42,1550
Christian Fassnacht,2018-06-17 15:06:56,1496
Christian Fassnacht,2018-06-13 16:48:02,1449
Christian Fassnacht,2018-06-08 16:38:43,1747
Christian Fassnacht,2018-06-01 14:11:55,1754
Christian Fassnacht,2018-05-21 12:06:42,2090
Christian Fassnacht,2018-05-20 16:38:12,2014
Christian Fassnacht,2018-05-19 20:25:13,1994
Christian Fassnacht,2018-05-15 14:57:33,1767
Christian Fassnacht,2018-05-14 17:39:08,1781
Christian Fassnacht,2018-05-06 09:58:06,1545
Christian Fassnacht,2018-04-30 15:50:16,2709
Christian Fassnacht,2018-04-29 18:06:03,2740
Christian Fassnacht,2018-04-28 19:34:48,2294
Christian Fassnacht,2018-04-27 16:57:51,1863
Christian Fassnacht,2018-04-22 17:50:49,1563
Christian Fassnacht,2018-04-21 19:16:25,1243
Christian Fassnacht,2018-04-19 15:44:11,1388
Christian Fassnacht,2018-04-16 15:20:52,1361
Christian Fassnacht,2018-04-08 17:55:55,1364
Christian Fassnacht,2018-04-02 19:15:26,1527
Christian Fassnacht,2018-03-27 16:38:04,1563
Christian Fassnacht,2018-03-18 10:03:57,1471
Christian Fassnacht,2018-03-11 20:18:39,1556
Christian Fassnacht,2018-02-28 16:28:06,1655
Christian Fassnacht,2018-02-09 17:20:43,1254
Christian Fassnacht,2018-02-02 18:07:22,1334
Christian Fassnacht,2017-12-21 15:43:42,1071
Christian Fassnacht,2017-11-19 21:02:42,1152
Christian Fassnacht,2017-10-21 16:08:57,1392
Christian Fassnacht,2017-10-11 15:57:25,1346
Christian Fassnacht,2017-10-02 15:32:33,1272
Christian Fassnacht,2017-09-24 18:38:15,1159
Christian Fassnacht,2017-09-21 15:24:22,1304
Christian Fassnacht,2017-09-16 17:09:51,1010
Christian Fassnacht,2017-09-14 19:52:19,1047
Christian Fassnacht,2017-09-10 19:45:35,1029
Christian Fassnacht,2017-08-18 20:13:59,1039
Christian Fassnacht,2017-08-03 16:37:56,1251
Christian Fassnacht,2017-07-29 20:47:22,1131
Christian Fassnacht,2017-07-27 15:50:35,909
Christian Fassnacht,2017-07-23 17:45:57,992
Christian Fassnacht,2017-07-15 18:19:21,683
Christian Fassnacht,2017-07-13 16:35:10,821
Christian Fassnacht,2017-07-01 16:17:44,758
Christian Fassnacht,2017-06-15 18:04:57,623
Christian Fassnacht,2017-06-04 16:13:30,1103
Christian Fassnacht,2017-06-03 11:08:18,582
Christian Fassnacht,2017-05-13 15:43:07,476
Christian Fassnacht,2017-05-06 19:48:41,543
Christian Fassnacht,2017-05-05 17:47:50,395
Christian Fassnacht,2017-04-26 18:10:07,377
Christian Fassnacht,2017-04-16 18:29:08,403
Christian Fassnacht,2017-04-13 16:39:37,417
Christian Fassnacht,2017-04-07 18:57:34,372
Christian Fassnacht,2017-03-12 17:20:46,465
Christian Fassnacht,2017-03-07 19:02:35,473
Christian Fassnacht,2017-02-25 20:39:31,429
Christian Fassnacht,2017-02-14 19:10:13,405
Christian Fassnacht,2017-02-09 18:40:32,364
Christian Fassnacht,2016-12-19 17:10:02,390
Christian Fassnacht,2016-08-07 18:54:13,306
Christian Fassnacht,2016-07-13 16:24:55,376
Christian Fassnacht,2015-12-04 18:10:50,215
Christian Fassnacht,2015-06-17 17:41:08,233
Christian Fassnacht,2015-05-04 15:41:53,292
Christian Fassnacht,2015-04-29 20:40:52,224
Christian Fassnacht,2014-09-21 22:33:31,209
Christian Fassnacht,2014-07-27 17:38:27,273
Christian Fassnacht,2014-06-22 19:01:25,262
Michel Aebischer,2019-11-12 19:58:49,2243
Michel Aebischer,2019-10-31 15:21:31,1883
Michel Aebischer,2019-09-28 21:40:46,1680
Michel Aebischer,2019-08-04 18:45:29,1688
Michel Aebischer,2019-05-25 21:18:50,1444
Michel Aebischer,2019-04-14 17:17:25,1661
Michel Aebischer,2018-11-28 00:06:59,1603
Michel Aebischer,2018-09-23 18:47:45,1490
Michel Aebischer,2018-08-25 21:56:59,1323
Michel Aebischer,2018-05-21 11:34:45,1200
Michel Aebischer,2018-04-29 09:11:27,1559
Michel Aebischer,2017-12-13 09:48:18,969
Michel Aebischer,2017-09-29 17:55:15,942
Michel Aebischer,2017-07-22 21:31:53,933
Michel Aebischer,2017-05-23 15:59:30,835
Michel Aebischer,2017-04-23 15:32:10,757
Michel Aebischer,2016-12-09 11:23:50,847
Michel Aebischer,2016-12-03 23:09:00,672
Michel Aebischer,2016-11-15 18:34:56,601
Michel Aebischer,2016-09-11 10:57:11,533
Michel Aebischer,2016-06-26 17:05:19,397
Sandro Lauper,2019-10-14 17:03:45,1698
Sandro Lauper,2019-08-21 10:26:57,1824
Sandro Lauper,2019-06-01 17:24:03,1969
Christopher Martins,2019-08-04 17:56:15,1427
Christopher Martins,2019-07-28 19:16:01,1373
Christopher Martins,2019-07-12 14:41:06,1983
Christopher Martins,2019-06-16 16:42:28,993
Christopher Martins,2019-06-14 16:39:26,654
Christopher Martins,2019-06-13 17:02:38,2562
Christopher Martins,2019-05-27 18:15:43,696
Christopher Martins,2019-05-06 16:30:21,977
Christopher Martins,2019-03-30 20:04:39,892
Christopher Martins,2019-03-26 20:53:43,764
Christopher Martins,2019-03-04 16:59:21,849
Christopher Martins,2019-01-28 17:17:37,773
Christopher Martins,2018-12-25 15:49:06,640
Christopher Martins,2018-12-23 14:39:29,796
Christopher Martins,2018-12-06 15:13:05,1010
Christopher Martins,2018-11-05 18:15:00,667
Christopher Martins,2018-10-31 16:11:45,850
Christopher Martins,2018-10-27 17:01:04,1248
Christopher Martins,2018-10-06 10:45:29,898
Christopher Martins,2018-09-21 14:56:31,1022
Christopher Martins,2018-09-09 13:33:13,1201
Christopher Martins,2018-08-29 17:31:52,1787
Christopher Martins,2018-08-13 20:08:25,1051
Christopher Martins,2018-08-05 12:38:46,1340
Christopher Martins,2018-07-29 15:37:25,1452
Christopher Martins,2018-07-13 19:56:09,1463
Christopher Martins,2018-07-06 16:51:18,856
Christopher Martins,2018-06-12 16:28:36,454
Christopher Martins,2018-06-11 18:40:36,664
Christopher Martins,2018-06-10 14:19:18,534
Christopher Martins,2018-06-06 16:42:44,923
Christopher Martins,2018-04-28 17:52:17,777
Christopher Martins,2018-02-17 19:12:26,916
Christopher Martins,2018-01-23 20:24:38,1144
Christopher Martins,2018-01-17 16:11:12,957
Christopher Martins,2017-11-29 18:55:43,1124
Christopher Martins,2017-11-10 13:01:44,1383
Christopher Martins,2017-10-28 17:48:27,1033
Christopher Martins,2017-10-21 17:41:45,864
Christopher Martins,2017-10-18 13:57:01,959
Christopher Martins,2017-10-13 10:41:11,1584
Christopher Martins,2017-10-01 18:18:34,833
Christopher Martins,2017-09-28 14:19:33,1067
Christopher Martins,2017-09-18 11:29:20,1957
Christopher Martins,2017-09-11 12:17:50,1370
Christopher Martins,2017-09-08 16:15:48,1179
Christopher Martins,2017-09-05 17:35:48,1398
Christopher Martins,2017-09-04 12:31:06,1002
Christopher Martins,2017-08-14 19:15:37,848
Christopher Martins,2017-07-24 17:58:58,853
Christopher Martins,2017-07-13 16:44:59,946
Christopher Martins,2017-06-17 09:24:23,713
Christopher Martins,2017-06-10 11:35:53,928
Christopher Martins,2017-06-09 14:19:24,506
Christopher Martins,2017-06-05 12:53:53,653
Christopher Martins,2017-05-25 19:22:29,414
Christopher Martins,2017-05-22 23:29:27,451
Christopher Martins,2017-05-22 19:05:08,616
Christopher Martins,2017-05-21 14:36:29,497
Christopher Martins,2017-05-08 17:24:12,336
Christopher Martins,2017-05-03 17:01:38,266
Christopher Martins,2017-04-30 16:46:43,535
Christopher Martins,2017-03-28 09:55:44,580
Christopher Martins,2017-03-26 17:31:56,869
Christopher Martins,2017-03-19 17:27:30,638
Christopher Martins,2017-03-17 19:48:06,354
Christopher Martins,2017-02-13 17:35:53,663
Christopher Martins,2017-02-03 18:37:53,423
Christopher Martins,2017-01-29 16:25:57,566
Christopher Martins,2017-01-28 20:12:53,446
Christopher Martins,2017-01-10 21:35:35,440
Christopher Martins,2017-01-01 19:09:19,514
Christopher Martins,2016-12-26 20:49:08,307
Christopher Martins,2016-12-25 15:34:58,307
Christopher Martins,2016-12-09 17:59:46,478
Christopher Martins,2016-12-03 17:19:59,540
Christopher Martins,2016-11-03 17:20:38,499
Christopher Martins,2016-10-26 18:53:47,469
Christopher Martins,2016-10-23 13:58:44,354
Christopher Martins,2016-10-08 18:22:36,456
Christopher Martins,2016-09-29 11:12:10,386
Christopher Martins,2016-09-28 19:35:53,548
Christopher Martins,2016-09-26 09:46:46,529
Christopher Martins,2016-09-25 14:17:07,353
Christopher Martins,2016-09-14 17:20:07,428
Christopher Martins,2016-09-10 11:05:57,425
Christopher Martins,2016-09-07 14:45:36,411
Christopher Martins,2016-09-04 16:16:07,483
Christopher Martins,2016-08-28 17:26:53,333
Christopher Martins,2016-08-20 12:16:07,345
Christopher Martins,2016-08-12 15:36:00,341
Christopher Martins,2016-08-06 18:24:04,293
Christopher Martins,2016-08-04 17:56:48,288
Christopher Martins,2016-07-31 12:43:32,381
Christopher Martins,2016-07-27 19:19:35,548
Christopher Martins,2016-07-20 17:06:52,227
Christopher Martins,2016-07-17 19:37:18,386
Christopher Martins,2016-07-12 20:12:22,388
Christopher Martins,2016-07-10 16:56:32,219
Christopher Martins,2016-07-05 19:55:04,391
Christopher Martins,2016-07-03 19:29:13,419
Christopher Martins,2016-06-30 15:05:24,344
Christopher Martins,2016-06-27 19:55:25,327
Christopher Martins,2016-06-27 12:07:41,332
Christopher Martins,2016-06-22 11:28:31,285
Christopher Martins,2016-06-17 20:31:46,168
Christopher Martins,2016-06-14 21:00:37,288
Christopher Martins,2016-06-12 14:09:20,188
Christopher Martins,2016-06-11 15:16:01,245
Christopher Martins,2016-06-06 12:48:01,224
Christopher Martins,2016-06-01 17:45:17,302
Christopher Martins,2016-05-30 19:59:14,222
Christopher Martins,2016-05-27 12:08:53,197
Christopher Martins,2016-05-16 12:44:26,170
Christopher Martins,2016-05-14 21:33:44,193
Christopher Martins,2016-05-12 19:59:44,252
Christopher Martins,2016-05-05 18:17:30,127
Christopher Martins,2016-05-04 18:33:37,255
Christopher Martins,2016-05-03 15:13:27,169
Christopher Martins,2016-04-29 19:05:06,291
Christopher Martins,2016-04-29 10:52:00,139
Christopher Martins,2016-04-23 20:13:38,178
Christopher Martins,2016-04-23 13:18:41,180
Christopher Martins,2016-04-21 21:23:21,164
Christopher Martins,2016-04-19 21:16:06,246
Christopher Martins,2016-04-17 20:30:39,215
Christopher Martins,2016-04-15 19:28:20,205
Christopher Martins,2016-04-13 17:45:21,210
Christopher Martins,2016-04-11 16:52:05,227
Christopher Martins,2016-04-09 20:52:56,176
Christopher Martins,2016-04-04 23:52:04,111
Christopher Martins,2016-04-04 17:56:26,245
Christopher Martins,2016-04-01 21:40:20,201
Christopher Martins,2016-03-21 21:35:55,138
Christopher Martins,2016-03-19 18:21:09,177
Christopher Martins,2016-03-18 13:34:54,122
Christopher Martins,2016-03-16 18:50:09,117
Christopher Martins,2016-03-15 18:10:34,162
Christopher Martins,2016-03-11 18:49:03,192
Christopher Martins,2016-02-28 17:55:32,339
Christopher Martins,2016-02-27 20:48:03,233
Christopher Martins,2016-02-20 18:59:48,212
Christopher Martins,2016-02-07 19:08:19,126
Christopher Martins,2016-01-27 17:53:32,192
Christopher Martins,2016-01-22 19:57:37,144
Christopher Martins,2016-01-21 16:14:09,97
Christopher Martins,2016-01-18 20:50:11,213
Christopher Martins,2016-01-17 22:39:12,133
Christopher Martins,2016-01-16 17:55:50,138
Christopher Martins,2016-01-10 17:13:57,223
Christopher Martins,2016-01-01 17:31:50,198
Christopher Martins,2015-12-25 21:50:38,149
Christopher Martins,2015-12-11 21:24:21,179
Christopher Martins,2015-11-27 21:19:08,250
Christopher Martins,2015-11-17 17:40:39,148
Christopher Martins,2015-11-14 10:47:32,188
Christopher Martins,2015-11-06 18:23:21,212
Christopher Martins,2015-11-05 14:54:59,165
Christopher Martins,2015-10-29 18:35:26,109
Christopher Martins,2015-10-28 19:43:16,222
Christopher Martins,2015-10-18 11:26:21,183
Christopher Martins,2015-10-13 11:50:48,221
Christopher Martins,2015-09-30 21:11:33,150
Christopher Martins,2015-09-29 09:26:51,181
Christopher Martins,2015-09-25 11:41:17,127
Christopher Martins,2015-09-19 19:48:18,85
Christopher Martins,2015-09-18 21:25:54,110
Christopher Martins,2015-09-17 11:10:20,202
Christopher Martins,2015-09-06 09:37:06,188
Christopher Martins,2015-09-02 11:43:48,153
Christopher Martins,2015-08-28 20:52:03,54
Christopher Martins,2015-08-10 09:34:41,88
Christopher Martins,2015-08-03 13:23:13,109
Christopher Martins,2015-07-16 15:43:09,95
Christopher Martins,2015-07-10 19:43:44,98
Christopher Martins,2015-07-09 17:51:20,122
Christopher Martins,2015-07-06 12:06:33,89
Christopher Martins,2015-07-04 15:18:20,84
Christopher Martins,2015-07-03 15:21:26,60
Christopher Martins,2015-06-30 12:27:24,144
Christopher Martins,2015-06-26 15:48:32,49
Christopher Martins,2015-06-25 20:24:26,179
Christopher Martins,2015-06-24 19:44:49,80
Christopher Martins,2015-06-20 14:36:09,83
Christopher Martins,2015-06-18 14:42:27,128
Christopher Martins,2015-06-14 22:05:09,76
Christopher Martins,2015-06-13 17:14:18,108
Christopher Martins,2015-05-29 17:25:58,247
Christopher Martins,2015-05-28 21:38:39,185
Christopher Martins,2015-05-27 18:51:49,69
Christopher Martins,2015-05-22 11:06:39,96
Christopher Martins,2015-05-19 21:37:24,94
Christopher Martins,2015-05-16 22:20:47,80
Christopher Martins,2015-05-16 15:08:35,36
Christopher Martins,2015-05-12 11:16:03,57
Christopher Martins,2015-04-09 21:43:04,115
Christopher Martins,2015-04-04 20:20:07,99
Christopher Martins,2015-03-27 21:54:22,63
Christopher Martins,2015-03-21 11:06:38,78
Christopher Martins,2015-03-15 13:53:08,51
Christopher Martins,2015-03-12 22:42:05,141
Christopher Martins,2015-03-07 14:45:03,135
Christopher Martins,2015-02-18 23:00:11,72
Christopher Martins,2015-02-16 23:51:24,56
Christopher Martins,2015-02-12 17:46:54,58
Christopher Martins,2015-02-10 11:55:12,134
Christopher Martins,2015-02-07 19:59:37,81
Christopher Martins,2015-01-20 22:39:14,75
Christopher Martins,2015-01-17 22:58:09,163
Christopher Martins,2015-01-06 23:05:10,61
Christopher Martins,2015-01-04 18:41:07,67
Christopher Martins,2014-12-31 14:32:55,127
Christopher Martins,2014-12-07 18:23:13,94
Christopher Martins,2014-12-06 20:56:05,118
Christopher Martins,2014-11-23 19:59:28,65
Christopher Martins,2014-11-21 23:53:37,69
Christopher Martins,2014-11-21 19:22:17,92
Christopher Martins,2014-11-16 11:42:13,232
Christopher Martins,2014-11-13 21:42:55,86
Christopher Martins,2014-11-13 11:17:10,135
Christopher Martins,2014-11-10 15:52:48,70
Christopher Martins,2014-11-09 16:14:13,57
Christopher Martins,2014-11-09 13:50:07,80
Christopher Martins,2014-11-09 10:40:28,72
Christopher Martins,2014-11-09 00:15:14,86
Christopher Martins,2013-10-05 21:32:21,88
Jean Pierre Nsame,2019-11-12 16:20:25,1193
Jean Pierre Nsame,2019-11-11 09:13:32,1548
Jean Pierre Nsame,2019-11-08 17:04:30,1183
Jean Pierre Nsame,2019-11-07 17:44:21,905
Jean Pierre Nsame,2019-10-31 12:06:44,1402
Jean Pierre Nsame,2019-10-30 12:41:05,735
Jean Pierre Nsame,2019-09-22 18:50:23,1356
Jean Pierre Nsame,2019-05-26 16:03:18,1371
Jean Pierre Nsame,2019-04-15 21:17:11,1570
Jean Pierre Nsame,2019-04-13 20:26:58,1268
Jean Pierre Nsame,2019-03-19 09:03:09,1294
Jean Pierre Nsame,2018-12-26 14:44:24,1539
Jean Pierre Nsame,2018-11-29 08:31:04,1395
Jean Pierre Nsame,2018-11-16 08:46:09,1178
Jean Pierre Nsame,2018-10-22 12:32:50,838
Jean Pierre Nsame,2018-08-06 15:22:56,1561
Jean Pierre Nsame,2018-07-01 09:27:33,1157
Jean Pierre Nsame,2018-06-12 12:58:12,841
Jean Pierre Nsame,2018-06-12 10:48:44,807
Jean Pierre Nsame,2018-05-13 19:10:55,1984
Jean Pierre Nsame,2018-04-29 11:00:39,1533
Jean Pierre Nsame,2018-04-29 06:35:24,1997
Jean Pierre Nsame,2018-02-28 07:40:17,1130
Jean Pierre Nsame,2018-01-30 08:50:01,1074
Jean Pierre Nsame,2018-01-22 16:13:04,956
Jean Pierre Nsame,2017-12-08 13:26:49,834
Jean Pierre Nsame,2017-11-09 18:21:31,683
Jean Pierre Nsame,2017-11-06 18:00:40,1078
Jean Pierre Nsame,2017-10-31 19:46:38,776
Jean Pierre Nsame,2017-09-20 21:34:27,793
Jean Pierre Nsame,2017-09-11 07:21:24,743
Jean Pierre Nsame,2017-09-04 20:16:13,440
Jean Pierre Nsame,2017-08-30 07:40:24,611
Jean Pierre Nsame,2017-08-27 07:22:59,497
Jean Pierre Nsame,2017-08-03 06:21:54,773
Jean Pierre Nsame,2017-07-31 11:16:09,622
Jean Pierre Nsame,2017-07-19 17:56:45,626
Jean Pierre Nsame,2017-06-05 18:48:13,173
Jean Pierre Nsame,2017-06-04 08:06:16,192
Jean Pierre Nsame,2017-05-08 15:22:45,295
Jean Pierre Nsame,2017-05-04 12:02:48,179
Jean Pierre Nsame,2017-03-13 18:18:28,154
Jean Pierre Nsame,2017-03-12 18:25:54,223
Jean Pierre Nsame,2017-03-04 19:37:37,198
Jean Pierre Nsame,2017-02-10 19:33:26,233
Jean Pierre Nsame,2017-02-01 15:51:18,179
Jean Pierre Nsame,2017-02-01 14:51:34,135
Jean Pierre Nsame,2017-01-31 10:03:01,249
Jean Pierre Nsame,2017-01-01 03:32:51,190
Jean Pierre Nsame,2016-12-24 19:25:07,98
Jean Pierre Nsame,2016-12-10 10:44:37,149
Jean Pierre Nsame,2016-12-03 21:24:39,148
Jean Pierre Nsame,2016-11-11 17:48:24,114
Jean Pierre Nsame,2016-10-30 19:42:57,181
Jean Pierre Nsame,2016-10-21 18:30:49,86
Jean Pierre Nsame,2016-09-19 18:35:09,76
Jean Pierre Nsame,2016-09-16 16:28:04,68
Jean Pierre Nsame,2016-09-07 16:08:07,82
Jean Pierre Nsame,2016-08-20 18:34:53,74
Jean Pierre Nsame,2016-08-13 21:40:21,85
Jean Pierre Nsame,2016-07-05 16:30:44,100
Jean Pierre Nsame,2016-07-02 17:41:33,58
Jean Pierre Nsame,2016-06-14 14:47:23,83
Jean Pierre Nsame,2016-06-12 10:49:46,48
Jean Pierre Nsame,2016-06-07 17:01:42,79
Jean Pierre Nsame,2016-06-05 16:20:02,58
Jean Pierre Nsame,2016-06-05 15:47:52,58
Jean Pierre Nsame,2016-06-05 13:01:57,44
Jean Pierre Nsame,2016-06-04 15:39:43,62
Jean Pierre Nsame,2016-06-04 15:37:06,49
Jean Pierre Nsame,2016-06-04 15:35:56,54
Jean Pierre Nsame,2016-06-03 11:29:54,60
Jean Pierre Nsame,2016-06-02 12:53:45,54
Jean Pierre Nsame,2016-06-01 14:43:45,56
Jean Pierre Nsame,2016-06-01 11:27:20,71
Jean Pierre Nsame,2016-05-21 17:19:36,104
Jean Pierre Nsame,2016-05-12 19:57:40,74
Jean Pierre Nsame,2016-04-30 12:52:25,67
Jean Pierre Nsame,2016-04-13 12:24:48,63
Jean Pierre Nsame,2016-04-03 16:36:15,74
Jean Pierre Nsame,2016-03-22 15:47:33,55
Jean Pierre Nsame,2016-03-20 10:40:49,64
Jean Pierre Nsame,2016-03-08 07:34:31,80
Jean Pierre Nsame,2016-03-01 20:54:28,83
Jean Pierre Nsame,2016-02-23 15:25:02,82
Jean Pierre Nsame,2016-02-07 15:53:59,75
Jean Pierre Nsame,2016-01-24 17:12:46,42
Jean Pierre Nsame,2016-01-20 20:55:42,91
Jean Pierre Nsame,2015-12-26 15:35:49,44
Jean Pierre Nsame,2015-12-26 15:31:27,45
Jean Pierre Nsame,2015-12-26 15:28:29,40
Jean Pierre Nsame,2015-12-26 09:38:46,57
Jean Pierre Nsame,2015-12-24 23:18:57,74
Jean Pierre Nsame,2015-12-24 23:16:45,56
Jean Pierre Nsame,2015-12-17 19:50:12,65
Jean Pierre Nsame,2015-12-15 12:26:58,30
Jean Pierre Nsame,2015-12-15 07:56:13,42
Jean Pierre Nsame,2015-09-29 16:58:44,62
Jean Pierre Nsame,2015-09-28 17:27:46,44
Jean Pierre Nsame,2015-09-26 16:10:10,36
Jean Pierre Nsame,2015-09-07 19:18:06,56
Jean Pierre Nsame,2015-09-06 19:52:06,39
Jean Pierre Nsame,2015-08-16 16:34:35,47
Jean Pierre Nsame,2015-08-15 16:13:22,72
Jean Pierre Nsame,2015-08-11 18:05:48,38
Jean Pierre Nsame,2015-07-06 17:50:20,46
Jean Pierre Nsame,2015-06-06 12:31:02,52
Jean Pierre Nsame,2015-06-05 15:43:54,49
Jean Pierre Nsame,2015-05-09 10:26:08,70
Jean Pierre Nsame,2015-04-24 10:04:33,31
Jean Pierre Nsame,2015-04-19 15:16:30,27
Jean Pierre Nsame,2015-03-29 17:15:11,30
Jean Pierre Nsame,2015-03-29 17:11:44,37
Jean Pierre Nsame,2015-03-29 09:44:37,29
Jean Pierre Nsame,2015-03-29 00:25:52,33
Jean Pierre Nsame,2015-03-29 00:16:44,38
Jean Pierre Nsame,2015-03-28 01:34:37,27
Jean Pierre Nsame,2015-03-27 16:06:15,64
Jean Pierre Nsame,2015-03-17 14:39:29,22
Jean Pierre Nsame,2015-03-14 08:57:17,52
Jean Pierre Nsame,2015-03-09 21:01:55,66
Jean Pierre Nsame,2015-03-08 15:08:29,27
Jean Pierre Nsame,2015-02-08 01:13:47,22
Jean Pierre Nsame,2015-02-07 22:40:15,25
Jean Pierre Nsame,2015-02-07 20:54:42,41
Jean Pierre Nsame,2015-02-07 20:49:29,23
Jean Pierre Nsame,2014-12-25 12:31:33,36
Jean Pierre Nsame,2014-12-23 15:30:18,49
Jean Pierre Nsame,2014-12-08 11:36:34,59
Jean Pierre Nsame,2014-11-30 15:01:49,36
Jean Pierre Nsame,2014-11-21 17:23:44,52
Jean Pierre Nsame,2014-11-15 14:33:06,23
Jean Pierre Nsame,2014-11-03 17:16:58,22
Jean Pierre Nsame,2014-10-30 16:55:50,28
Jean Pierre Nsame,2014-10-30 16:52:12,36
Jean Pierre Nsame,2014-10-30 12:21:19,47
Jean Pierre Nsame,2014-10-24 11:38:26,22
Jean Pierre Nsame,2014-10-24 11:21:57,34
Jean Pierre Nsame,2014-10-23 17:01:13,34
Jean Pierre Nsame,2014-10-21 17:08:12,60
Jean Pierre Nsame,2014-10-21 07:54:37,26
Jean Pierre Nsame,2014-10-20 21:18:39,47
Jean Pierre Nsame,2014-10-18 06:39:09,40
Felix Mambimbi,2019-11-08 00:00:19,1247
Felix Mambimbi,2019-10-19 20:24:10,2392
Felix Mambimbi,2019-09-28 21:33:23,1132
Felix Mambimbi,2019-09-10 16:18:20,1123
Felix Mambimbi,2019-07-15 18:25:56,1032
Felix Mambimbi,2019-05-28 16:15:21,1366
Felix Mambimbi,2019-02-17 19:43:40,1634
Felix Mambimbi,2019-01-17 19:07:33,1210
Felix Mambimbi,2019-01-01 14:28:57,762
Felix Mambimbi,2018-11-28 18:21:38,927
Felix Mambimbi,2018-10-24 18:32:54,814
Felix Mambimbi,2018-09-22 17:50:47,850
Felix Mambimbi,2018-07-15 17:38:58,546
Felix Mambimbi,2018-05-20 16:48:35,847
Felix Mambimbi,2018-05-11 18:13:55,873
Felix Mambimbi,2018-05-07 18:12:22,819
Felix Mambimbi,2018-04-09 17:08:54,844
Felix Mambimbi,2017-12-24 18:09:06,644
Guillaume Hoarau,2019-11-04 07:56:53,3079
Guillaume Hoarau,2019-10-12 16:16:06,2389
Guillaume Hoarau,2019-10-11 10:39:34,4258
Guillaume Hoarau,2019-09-28 20:53:06,10528
Guillaume Hoarau,2019-09-23 17:29:37,1449
Guillaume Hoarau,2019-09-23 16:07:48,5023
Guillaume Hoarau,2019-09-23 09:52:47,8746
Guillaume Hoarau,2019-09-09 09:03:21,6680
Guillaume Hoarau,2019-09-08 14:59:27,7773
Guillaume Hoarau,2019-08-30 17:19:58,7846
Guillaume Hoarau,2019-07-22 13:22:46,8399
Guillaume Hoarau,2019-07-21 08:12:16,7717
Guillaume Hoarau,2019-07-14 11:25:32,5538
Guillaume Hoarau,2019-07-11 08:19:46,5997
Guillaume Hoarau,2019-07-09 14:44:36,2195
Guillaume Hoarau,2019-07-05 16:13:47,2040
Guillaume Hoarau,2019-07-05 12:55:15,12997
Guillaume Hoarau,2019-07-05 11:35:34,4805
Guillaume Hoarau,2019-07-02 15:46:13,4809
Guillaume Hoarau,2019-06-29 09:40:46,10193
Guillaume Hoarau,2019-06-04 09:44:01,3101
Guillaume Hoarau,2019-05-29 11:29:38,14003
Guillaume Hoarau,2019-05-28 11:07:36,12180
Guillaume Hoarau,2019-05-27 11:17:04,12802
Guillaume Hoarau,2019-05-27 10:41:02,10238
Guillaume Hoarau,2019-05-26 09:40:22,6635
Guillaume Hoarau,2019-05-26 07:52:38,14246
Guillaume Hoarau,2019-05-25 07:55:57,16401
Guillaume Hoarau,2019-05-24 08:44:43,12313
Guillaume Hoarau,2019-05-22 07:16:58,8931
Guillaume Hoarau,2019-05-21 11:15:33,10650
Guillaume Hoarau,2019-05-20 10:22:43,12559
Guillaume Hoarau,2019-05-16 07:49:41,5661
Guillaume Hoarau,2019-05-14 07:17:25,8662
Guillaume Hoarau,2019-05-13 09:15:54,11450
Guillaume Hoarau,2019-05-12 17:47:24,14208
Guillaume Hoarau,2019-05-12 09:12:36,7752
Guillaume Hoarau,2019-05-10 09:55:10,12939
Guillaume Hoarau,2019-05-09 10:19:01,12664
Guillaume Hoarau,2019-05-08 10:05:21,13548
Guillaume Hoarau,2019-05-07 09:17:54,13672
Guillaume Hoarau,2019-05-07 08:32:04,7913
Guillaume Hoarau,2019-05-05 18:52:55,13455
Guillaume Hoarau,2019-05-05 08:03:07,10964
Guillaume Hoarau,2019-04-30 08:19:45,10426
Guillaume Hoarau,2019-04-29 12:31:52,3608
Guillaume Hoarau,2019-04-29 08:12:56,13568
Guillaume Hoarau,2019-04-28 07:56:11,10013
Guillaume Hoarau,2019-04-22 11:03:26,7122
Guillaume Hoarau,2019-04-20 21:15:07,8154
Guillaume Hoarau,2019-04-17 18:53:34,9199
Guillaume Hoarau,2019-04-16 11:35:21,8154
Guillaume Hoarau,2019-04-15 12:57:22,10319
Guillaume Hoarau,2019-04-14 19:05:43,9627
Guillaume Hoarau,2019-04-14 11:33:55,7481
Guillaume Hoarau,2019-04-13 20:00:31,9756
Guillaume Hoarau,2019-04-13 19:50:23,11222
Guillaume Hoarau,2019-04-10 08:10:01,9848
Guillaume Hoarau,2019-04-08 09:20:17,13645
Guillaume Hoarau,2019-04-07 11:49:35,7780
Guillaume Hoarau,2019-04-06 13:40:54,3464
Guillaume Hoarau,2019-04-04 08:16:50,12086
Guillaume Hoarau,2019-04-02 15:18:36,13994
Guillaume Hoarau,2019-04-01 10:36:19,18675
Guillaume Hoarau,2019-03-31 12:08:28,8267
Guillaume Hoarau,2019-03-25 17:47:40,11475
Guillaume Hoarau,2019-03-17 09:24:49,12221
Guillaume Hoarau,2019-03-05 11:01:38,13203
Guillaume Hoarau,2019-03-03 19:20:24,8428
Guillaume Hoarau,2019-02-21 10:51:07,11820
Guillaume Hoarau,2019-02-19 13:42:42,6848
Guillaume Hoarau,2019-02-19 08:09:18,11528
Guillaume Hoarau,2019-02-17 11:40:48,6785
Guillaume Hoarau,2019-02-09 08:22:51,10297
Guillaume Hoarau,2019-02-08 06:54:00,12315
Guillaume Hoarau,2019-02-06 20:49:18,4811
Guillaume Hoarau,2019-02-05 11:03:49,17464
Guillaume Hoarau,2019-02-02 20:27:44,9618
Guillaume Hoarau,2019-02-02 09:49:14,10940
Guillaume Hoarau,2019-01-28 20:58:17,12761
Guillaume Hoarau,2019-01-24 20:53:35,9690
Guillaume Hoarau,2019-01-23 09:55:49,8302
Guillaume Hoarau,2019-01-09 11:02:52,1347
Guillaume Hoarau,2019-01-04 07:51:05,1332
Guillaume Hoarau,2019-01-01 00:05:25,9037
Guillaume Hoarau,2018-12-29 17:09:14,11698
Guillaume Hoarau,2018-12-17 09:13:03,7814
Guillaume Hoarau,2018-12-16 18:02:38,11772
Guillaume Hoarau,2018-12-15 15:06:13,10721
Guillaume Hoarau,2018-12-13 00:54:38,34585
Guillaume Hoarau,2018-12-10 08:00:15,10517
Guillaume Hoarau,2018-12-09 17:14:04,7042
Guillaume Hoarau,2018-12-09 15:08:05,11543
Guillaume Hoarau,2018-12-08 22:09:41,14740
Guillaume Hoarau,2018-12-08 08:44:07,7922
Guillaume Hoarau,2018-12-06 19:18:25,11369
Guillaume Hoarau,2018-12-05 12:25:28,9223
Guillaume Hoarau,2018-11-30 16:15:49,5827
Guillaume Hoarau,2018-11-29 11:20:34,10897
Guillaume Hoarau,2018-11-24 19:56:06,10186
Guillaume Hoarau,2018-11-22 15:35:28,3560
Guillaume Hoarau,2018-11-21 08:52:58,4842
Guillaume Hoarau,2018-11-19 20:26:44,3842
Guillaume Hoarau,2018-11-19 09:45:41,5625
Guillaume Hoarau,2018-11-17 10:19:46,9377
Guillaume Hoarau,2018-11-12 12:23:36,8931
Guillaume Hoarau,2018-11-11 06:53:11,5250
Guillaume Hoarau,2018-11-08 20:49:31,12467
Guillaume Hoarau,2018-11-06 18:20:02,7638
Guillaume Hoarau,2018-11-03 21:33:56,5944
Guillaume Hoarau,2018-11-02 09:28:38,9071
Guillaume Hoarau,2018-10-27 21:39:41,13648
Guillaume Hoarau,2018-10-23 21:08:17,9985
Guillaume Hoarau,2018-10-23 14:44:11,8656
Guillaume Hoarau,2018-10-22 17:38:31,4370
Guillaume Hoarau,2018-10-22 10:14:57,10590
Guillaume Hoarau,2018-10-21 13:42:43,5691
Guillaume Hoarau,2018-10-21 10:08:53,5277
Guillaume Hoarau,2018-10-20 08:01:59,9329
Guillaume Hoarau,2018-10-14 14:14:57,7912
Guillaume Hoarau,2018-10-14 12:59:53,7738
Guillaume Hoarau,2018-10-09 10:24:11,8048
Guillaume Hoarau,2018-10-06 20:35:13,8875
Guillaume Hoarau,2018-10-04 11:09:49,9858
Guillaume Hoarau,2018-10-03 00:09:25,9795
Guillaume Hoarau,2018-09-30 15:01:02,11116
Guillaume Hoarau,2018-09-25 15:55:03,3695
Guillaume Hoarau,2018-09-23 18:24:50,10425
Guillaume Hoarau,2018-09-20 12:05:44,13486
Guillaume Hoarau,2018-09-16 18:30:57,5662
Guillaume Hoarau,2018-09-15 08:16:23,4056
Guillaume Hoarau,2018-09-11 11:06:59,10187
Guillaume Hoarau,2018-09-06 12:20:01,4733
Guillaume Hoarau,2018-09-02 19:38:25,8143
Guillaume Hoarau,2018-08-30 17:25:57,9371
Guillaume Hoarau,2018-08-29 12:21:50,10627
Guillaume Hoarau,2018-08-18 20:59:49,5799
Guillaume Hoarau,2018-08-15 20:22:26,7516
Guillaume Hoarau,2018-08-13 14:32:42,7731
Guillaume Hoarau,2018-08-05 18:54:20,7878
Guillaume Hoarau,2018-07-29 18:58:38,7129
Guillaume Hoarau,2018-07-28 12:05:55,6561
Guillaume Hoarau,2018-07-22 08:43:50,7006
Guillaume Hoarau,2018-07-20 13:38:16,4818
Guillaume Hoarau,2018-07-15 21:03:21,6211
Guillaume Hoarau,2018-07-05 13:58:12,7273
Guillaume Hoarau,2018-07-04 15:49:37,6013
Guillaume Hoarau,2018-06-09 11:41:31,4805
Guillaume Hoarau,2018-05-30 14:10:08,5845
Guillaume Hoarau,2018-05-25 17:03:24,6971
Guillaume Hoarau,2018-05-24 10:22:45,2733
Guillaume Hoarau,2018-05-23 14:24:14,5008
Guillaume Hoarau,2018-05-23 14:23:37,7279
Guillaume Hoarau,2018-05-22 18:31:54,6003
Guillaume Hoarau,2018-05-15 17:28:08,4572
Guillaume Hoarau,2018-05-09 14:28:21,5562
Guillaume Hoarau,2018-05-01 13:20:08,5838
Guillaume Hoarau,2018-04-29 12:33:26,7817
Guillaume Hoarau,2018-04-23 14:48:35,5068
Guillaume Hoarau,2018-04-17 18:21:43,4775
Guillaume Hoarau,2018-04-15 21:29:05,4402
Guillaume Hoarau,2018-04-08 19:44:31,4928
Guillaume Hoarau,2018-04-03 17:42:07,2981
Guillaume Hoarau,2018-04-02 19:37:02,6847
Guillaume Hoarau,2018-03-22 21:59:20,3631
Guillaume Hoarau,2018-03-12 17:10:38,4169
Guillaume Hoarau,2018-03-06 10:07:48,4213
Guillaume Hoarau,2018-03-04 17:47:45,5322
Guillaume Hoarau,2018-02-19 18:31:25,3268
Guillaume Hoarau,2018-02-12 12:28:34,3792
Guillaume Hoarau,2018-02-06 15:53:22,3179
Guillaume Hoarau,2018-02-03 21:42:35,2949
Guillaume Hoarau,2017-12-08 12:17:57,2220
Guillaume Hoarau,2017-11-10 09:09:17,2475
Guillaume Hoarau,2017-10-31 16:06:18,1332
Guillaume Hoarau,2017-10-24 15:39:22,1382
Guillaume Hoarau,2017-10-18 12:02:47,932
Guillaume Hoarau,2017-10-18 11:56:38,1157
Guillaume Hoarau,2017-10-14 08:41:41,1678
Guillaume Hoarau,2017-10-13 18:35:35,1423
Guillaume Hoarau,2017-10-13 09:43:34,1305
Guillaume Hoarau,2017-10-13 09:30:42,586
Guillaume Hoarau,2017-10-13 09:01:40,1942
Guillaume Hoarau,2017-10-01 18:25:46,677
Guillaume Hoarau,2017-09-22 12:23:10,697
Guillaume Hoarau,2017-09-08 15:28:33,1217
Guillaume Hoarau,2017-09-01 16:57:24,1412
Guillaume Hoarau,2017-08-03 16:50:04,2419
Guillaume Hoarau,2017-08-02 22:20:12,2693
Guillaume Hoarau,2017-07-22 21:34:45,2823
Guillaume Hoarau,2017-06-28 11:03:03,1364
Guillaume Hoarau,2017-06-25 15:30:08,1610
Guillaume Hoarau,2017-06-24 22:10:30,1402
Guillaume Hoarau,2017-06-22 07:15:51,1864
Guillaume Hoarau,2017-06-15 20:34:04,1150
Guillaume Hoarau,2017-06-06 08:44:34,1528
Guillaume Hoarau,2017-06-03 22:41:15,1256
Guillaume Hoarau,2017-06-02 07:46:25,478
Guillaume Hoarau,2017-06-02 07:17:51,709
Guillaume Hoarau,2017-05-22 11:37:32,1430
Guillaume Hoarau,2017-05-21 18:15:41,2158
Guillaume Hoarau,2017-05-21 09:17:17,2513
Guillaume Hoarau,2017-05-17 18:03:48,839
Guillaume Hoarau,2017-05-14 20:08:43,1036
Guillaume Hoarau,2017-04-11 07:38:28,2385
Guillaume Hoarau,2017-04-03 16:29:22,1007
Guillaume Hoarau,2017-03-28 07:38:01,2101
Guillaume Hoarau,2017-03-23 15:31:52,1572
Guillaume Hoarau,2017-03-21 21:35:52,1325
Guillaume Hoarau,2017-03-15 17:54:49,437
Guillaume Hoarau,2017-03-10 15:18:47,331
Guillaume Hoarau,2017-03-05 17:20:47,1853
Guillaume Hoarau,2017-02-21 13:13:06,1423
Guillaume Hoarau,2017-02-06 07:29:14,655
Guillaume Hoarau,2017-02-05 19:17:38,1959
Guillaume Hoarau,2017-02-05 07:28:45,1464
Guillaume Hoarau,2017-01-31 17:21:10,1138
Guillaume Hoarau,2017-01-31 17:17:58,750
Guillaume Hoarau,2017-01-31 17:16:43,1303
Guillaume Hoarau,2017-01-31 17:14:49,1986
Guillaume Hoarau,2017-01-30 11:21:38,690
Guillaume Hoarau,2016-12-20 08:55:48,488
Guillaume Hoarau,2016-12-19 12:51:49,1138
Guillaume Hoarau,2016-11-20 22:29:02,1867
Guillaume Hoarau,2016-11-20 22:22:55,556
Guillaume Hoarau,2016-11-14 14:37:54,651
Guillaume Hoarau,2016-11-13 14:41:42,605
Guillaume Hoarau,2016-11-13 14:39:06,974
Guillaume Hoarau,2016-11-13 14:34:05,624
Guillaume Hoarau,2016-11-12 16:08:54,610
Guillaume Hoarau,2016-11-12 15:53:17,488
Guillaume Hoarau,2016-11-12 15:38:24,779
Guillaume Hoarau,2016-11-12 15:01:48,571
Guillaume Hoarau,2016-11-12 14:59:28,359
Guillaume Hoarau,2016-11-07 12:37:56,756
Guillaume Hoarau,2016-10-30 20:11:19,1506
Guillaume Hoarau,2016-10-30 17:24:17,1658
Guillaume Hoarau,2016-10-27 16:47:18,1250
Guillaume Hoarau,2016-10-26 22:39:55,1503
Guillaume Hoarau,2016-10-24 11:14:11,603
Guillaume Hoarau,2016-10-21 06:00:15,1829
Guillaume Hoarau,2016-09-08 16:26:31,1382
Guillaume Hoarau,2016-08-12 17:16:13,794
Guillaume Hoarau,2016-08-03 23:47:18,1577
Guillaume Hoarau,2016-07-25 11:02:34,1258
Guillaume Hoarau,2016-07-24 20:10:35,1340
Guillaume Hoarau,2016-07-11 16:30:29,1121
Guillaume Hoarau,2016-07-11 09:02:26,1169
Guillaume Hoarau,2016-07-08 10:08:12,757
Guillaume Hoarau,2016-07-08 10:03:22,1431
Guillaume Hoarau,2016-06-14 07:44:44,466
Guillaume Hoarau,2016-06-14 04:57:43,1004
Guillaume Hoarau,2016-06-14 04:53:56,599
Guillaume Hoarau,2016-06-14 04:51:17,1017
Guillaume Hoarau,2016-06-10 16:21:14,700
Guillaume Hoarau,2016-06-10 16:16:27,786
Guillaume Hoarau,2016-06-10 14:37:06,496
Guillaume Hoarau,2016-06-08 11:54:51,739
Guillaume Hoarau,2016-05-28 10:41:59,621
Guillaume Hoarau,2016-05-26 10:58:04,1061
Guillaume Hoarau,2016-05-18 18:13:19,667
Guillaume Hoarau,2016-05-15 10:45:32,714
Guillaume Hoarau,2016-05-11 09:08:47,776
Guillaume Hoarau,2016-05-04 11:12:47,625
Guillaume Hoarau,2016-05-03 10:37:54,857
Guillaume Hoarau,2016-04-27 15:34:08,977
Guillaume Hoarau,2016-04-19 08:05:27,758
Guillaume Hoarau,2016-04-13 18:48:44,660
Guillaume Hoarau,2016-03-17 18:24:06,766
Guillaume Hoarau,2016-03-08 18:29:20,826
Guillaume Hoarau,2016-03-05 16:31:31,904
Guillaume Hoarau,2016-03-05 11:40:55,950
Guillaume Hoarau,2016-03-03 08:29:49,375
Guillaume Hoarau,2016-02-29 09:37:13,1418
Guillaume Hoarau,2016-02-28 12:52:31,990
Guillaume Hoarau,2016-02-08 17:43:37,1705
Guillaume Hoarau,2016-02-06 13:13:07,500
Guillaume Hoarau,2016-01-31 21:25:31,542
Guillaume Hoarau,2016-01-16 11:33:21,945
Guillaume Hoarau,2016-01-07 19:16:16,332
Guillaume Hoarau,2016-01-03 09:35:45,853
Guillaume Hoarau,2015-12-25 14:42:03,1125
Guillaume Hoarau,2015-12-21 07:28:43,728
Guillaume Hoarau,2015-12-19 10:44:15,885
Guillaume Hoarau,2015-12-17 22:52:16,859
Guillaume Hoarau,2015-12-15 03:06:49,1006
Guillaume Hoarau,2015-12-11 18:47:58,769
Guillaume Hoarau,2015-12-11 13:46:49,693
Guillaume Hoarau,2015-12-09 11:54:20,983
Guillaume Hoarau,2015-12-05 13:49:59,526
Guillaume Hoarau,2015-12-05 13:44:05,830
Guillaume Hoarau,2015-10-14 07:05:16,1283
Guillaume Hoarau,2015-10-04 17:06:18,3496
Guillaume Hoarau,2015-10-03 14:47:52,4052
Guillaume Hoarau,2015-08-23 18:49:37,1663
Guillaume Hoarau,2015-08-19 10:54:29,1491
Guillaume Hoarau,2015-07-17 11:14:18,1551
Guillaume Hoarau,2015-07-11 21:57:30,5801
Guillaume Hoarau,2015-07-07 21:23:50,2228
Guillaume Hoarau,2015-07-03 10:36:13,1054
Guillaume Hoarau,2015-07-02 18:29:26,1072
Guillaume Hoarau,2015-06-23 12:05:31,1153
Guillaume Hoarau,2015-06-15 11:47:16,1465
Guillaume Hoarau,2015-06-06 20:16:40,840
Guillaume Hoarau,2015-06-01 13:16:53,1202
Guillaume Hoarau,2015-05-17 06:30:45,2429
Guillaume Hoarau,2015-05-14 12:12:08,1043
Guillaume Hoarau,2015-05-12 18:48:42,1285
Guillaume Hoarau,2015-05-11 22:11:26,711
Guillaume Hoarau,2015-05-10 16:14:32,1176
Guillaume Hoarau,2015-03-28 14:03:20,759
Guillaume Hoarau,2015-03-27 14:54:51,646
Guillaume Hoarau,2015-03-24 01:02:27,539
Guillaume Hoarau,2015-03-09 10:47:31,1697
Guillaume Hoarau,2015-03-07 08:30:10,985
Guillaume Hoarau,2015-03-05 16:00:04,1421
Guillaume Hoarau,2015-03-04 12:03:34,1717
Guillaume Hoarau,2015-02-23 19:12:43,1292
Guillaume Hoarau,2015-02-10 11:12:17,863
Guillaume Hoarau,2015-02-06 10:47:51,1125
Guillaume Hoarau,2015-02-06 08:31:06,875
Guillaume Hoarau,2015-02-04 14:19:42,982
Guillaume Hoarau,2015-01-08 13:03:37,940
Guillaume Hoarau,2015-01-04 11:10:09,613
Guillaume Hoarau,2014-12-31 10:49:28,1252
Guillaume Hoarau,2014-12-31 10:44:07,559
Guillaume Hoarau,2014-12-31 10:40:19,500
Guillaume Hoarau,2014-12-16 08:25:02,315
Guillaume Hoarau,2014-12-07 14:07:24,1038
Guillaume Hoarau,2014-11-29 20:49:11,416
Guillaume Hoarau,2014-11-29 13:58:36,777
Guillaume Hoarau,2014-11-29 13:47:48,816
Guillaume Hoarau,2014-11-23 23:56:09,1190
Guillaume Hoarau,2014-10-31 16:06:11,1042
Guillaume Hoarau,2014-10-25 14:33:55,1498
Guillaume Hoarau,2014-10-24 16:55:53,1303
Guillaume Hoarau,2014-09-19 06:24:15,759
Guillaume Hoarau,2014-09-14 18:06:46,913
Guillaume Hoarau,2014-09-12 17:59:11,627
Guillaume Hoarau,2014-09-03 11:18:50,627
Guillaume Hoarau,2014-08-30 15:48:20,1343
Guillaume Hoarau,2014-08-29 20:13:41,426
Guillaume Hoarau,2014-08-29 19:13:31,446
Guillaume Hoarau,2014-08-14 08:04:21,843
Guillaume Hoarau,2014-07-25 17:05:08,826
Guillaume Hoarau,2014-07-04 13:00:00,649
Guillaume Hoarau,2014-06-13 10:21:03,767
Guillaume Hoarau,2014-06-05 15:04:26,848
Guillaume Hoarau,2014-06-04 15:17:21,928
Guillaume Hoarau,2014-06-03 22:03:50,442
Guillaume Hoarau,2014-06-02 16:21:19,1031
Guillaume Hoarau,2014-05-22 16:17:14,1218
Guillaume Hoarau,2014-05-18 10:50:02,815
Guillaume Hoarau,2014-05-11 11:54:04,315
Guillaume Hoarau,2014-05-11 01:44:21,301
Guillaume Hoarau,2014-05-07 13:54:02,436
Guillaume Hoarau,2014-03-12 22:09:58,738
Guillaume Hoarau,2014-02-14 08:49:33,487
Guillaume Hoarau,2014-02-06 13:33:35,1216
Guillaume Hoarau,2014-01-06 16:03:21,1658
Guillaume Hoarau,2014-01-02 07:32:13,379
Guillaume Hoarau,2013-12-26 09:10:53,551
Guillaume Hoarau,2013-12-21 21:15:56,302
Guillaume Hoarau,2013-12-06 16:11:16,725
Guillaume Hoarau,2013-12-05 22:53:34,330
Guillaume Hoarau,2013-12-04 04:14:33,461
Guillaume Hoarau,2013-12-04 00:55:06,281
Guillaume Hoarau,2013-12-03 06:58:18,406
Guillaume Hoarau,2013-12-02 22:07:09,398
Guillaume Hoarau,2013-12-02 00:56:29,292
Guillaume Hoarau,2013-12-01 23:57:00,527
Guillaume Hoarau,2013-12-01 19:34:15,363
Guillaume Hoarau,2013-11-30 17:20:14,238
Guillaume Hoarau,2013-11-29 22:29:57,519
Guillaume Hoarau,2013-11-29 20:42:49,398
Guillaume Hoarau,2013-11-29 20:39:50,373
Guillaume Hoarau,2013-11-29 00:04:52,457
Guillaume Hoarau,2013-11-28 18:37:27,289
Guillaume Hoarau,2013-11-28 18:20:01,231
Guillaume Hoarau,2013-11-28 17:24:35,760
Guillaume Hoarau,2013-11-26 14:38:55,318
Guillaume Hoarau,2013-11-24 12:33:52,265
Guillaume Hoarau,2013-11-17 18:36:45,560
Guillaume Hoarau,2013-11-16 13:29:34,372
Guillaume Hoarau,2013-11-15 08:01:36,481
Guillaume Hoarau,2013-11-12 18:06:29,426
Guillaume Hoarau,2013-11-03 19:00:33,411
Guillaume Hoarau,2013-10-18 15:16:25,333
Guillaume Hoarau,2013-10-13 14:10:03,423
Guillaume Hoarau,2013-10-13 10:38:47,609
Guillaume Hoarau,2013-10-06 09:25:09,1321
Guillaume Hoarau,2013-10-06 06:27:31,566
Guillaume Hoarau,2013-09-25 06:57:42,583
Guillaume Hoarau,2013-09-22 19:06:15,348
Guillaume Hoarau,2013-09-14 15:53:53,437
Guillaume Hoarau,2013-08-06 15:49:21,443
Guillaume Hoarau,2013-08-01 06:25:10,655
Guillaume Hoarau,2013-07-31 09:09:31,421
Guillaume Hoarau,2013-07-29 18:50:10,162
Guillaume Hoarau,2013-07-25 19:38:26,669
Guillaume Hoarau,2013-07-24 17:11:39,257
Guillaume Hoarau,2013-07-21 06:50:35,355
Guillaume Hoarau,2013-07-17 08:55:10,593
Guillaume Hoarau,2013-07-14 21:03:05,326
Guillaume Hoarau,2013-07-10 15:58:22,295
Guillaume Hoarau,2013-07-07 16:33:57,180
Guillaume Hoarau,2013-07-07 15:26:05,208
Guillaume Hoarau,2013-07-06 03:44:08,678
Guillaume Hoarau,2013-07-05 10:58:04,300
Guillaume Hoarau,2013-07-05 07:17:43,272
Guillaume Hoarau,2013-07-04 10:58:01,596
Guillaume Hoarau,2013-07-03 06:09:25,345
Guillaume Hoarau,2013-07-01 12:20:53,329
Guillaume Hoarau,2013-06-27 06:02:30,122
Guillaume Hoarau,2013-06-25 16:20:55,415
Guillaume Hoarau,2013-06-23 18:44:52,208
Guillaume Hoarau,2013-06-14 01:31:02,181
Guillaume Hoarau,2013-06-09 15:07:01,427
Guillaume Hoarau,2013-06-05 04:45:02,496
Guillaume Hoarau,2013-06-03 07:20:31,303
Guillaume Hoarau,2013-06-03 06:46:47,495
Guillaume Hoarau,2013-06-01 10:47:51,468
Guillaume Hoarau,2013-05-29 07:34:46,366
Guillaume Hoarau,2013-05-28 02:21:50,339
Guillaume Hoarau,2013-05-18 09:38:01,338
Guillaume Hoarau,2013-05-15 15:32:18,362
Guillaume Hoarau,2013-05-13 05:27:09,1064
Guillaume Hoarau,2013-03-05 11:23:13,602
Guillaume Hoarau,2013-03-05 04:48:43,233
Guillaume Hoarau,2013-03-05 04:41:14,646
Guillaume Hoarau,2013-03-02 00:56:12,239
Guillaume Hoarau,2013-02-26 05:32:27,311
Guillaume Hoarau,2013-02-17 04:55:23,1210
Guillaume Hoarau,2013-02-17 04:44:03,206
Guillaume Hoarau,2013-02-11 19:24:42,389
Guillaume Hoarau,2013-02-02 00:14:29,506
Guillaume Hoarau,2013-01-28 20:56:17,388
Guillaume Hoarau,2013-01-26 08:22:05,574
Guillaume Hoarau,2013-01-23 19:10:35,308
Guillaume Hoarau,2013-01-20 22:19:37,718
Guillaume Hoarau,2013-01-19 07:56:52,381
Guillaume Hoarau,2013-01-14 16:12:36,648
Guillaume Hoarau,2013-01-10 06:45:03,686
Guillaume Hoarau,2013-01-09 15:37:49,974
Guillaume Hoarau,2013-01-09 08:09:28,685
Guillaume Hoarau,2013-01-07 18:25:30,223
Guillaume Hoarau,2013-01-07 18:19:07,691
Guillaume Hoarau,2013-01-07 18:17:42,1013
Guillaume Hoarau,2013-01-07 16:55:02,802
Guillaume Hoarau,2013-01-02 04:39:38,264
Guillaume Hoarau,2013-01-01 21:23:57,133
Guillaume Hoarau,2013-01-01 21:16:49,169
Guillaume Hoarau,2013-01-01 21:08:57,168
Guillaume Hoarau,2013-01-01 18:02:31,403
Guillaume Hoarau,2013-01-01 17:06:20,454
Guillaume Hoarau,2013-01-01 14:55:06,401
